<RvwService serviceName="wma_asnhb_sr_fet" serviceType="2" inSegs="" outSegs="errordetails;_hseg;" ioSegs="" scSegs="" inSegCnt="0" outSegCnt="1" scSegCnt="0" psCnt="1" ioSegCnt="0" dataSegs="_hseg;" segCnt="1">
    <PS sectionType="0" seqNo="1" controlExpressionEval="false" controlExpression="" loopingStyle="0" loopCausingSegment="" ceInstDepFlag="0" brsCnt="1" sectionName="wma_psref_fet">
        <BR seqNo="1" cSeqNo="1" executionMode="0" baseArtifact="false" isMethod="1" progID="" methodName="wma_asnhb_m_fet_hdrfet_state_iedk" integServiceName="" controlExpressionEval="false" controlExpression="" executionFlag="1" loopSegment="" modeFlagExpression="" methodID="0" accessesDatabase="1" systemGenerated="1" broName="" ceInstDepFlag="0" spName="wma_asnhb_m_fet_hdrfet_state_i" disable="false" operationType="1" spErrorProtocol="0" brppCnt="6" brlpCnt="0">
            <PP physicalParameterName="ctxt_language" seqNo="1" isCompoundParam="1" flowDirection="0" dataSegmentName="fw_context" dataItemName="language" spParameterType="INTEGER" />
            <PP physicalParameterName="ctxt_ouinstance" seqNo="2" isCompoundParam="1" flowDirection="0" dataSegmentName="fw_context" dataItemName="ouinstance" spParameterType="INTEGER" />
            <PP physicalParameterName="ctxt_role" seqNo="3" isCompoundParam="1" flowDirection="0" dataSegmentName="fw_context" dataItemName="role" spParameterType="CHAR" />
            <PP physicalParameterName="ctxt_service" seqNo="4" isCompoundParam="1" flowDirection="0" dataSegmentName="fw_context" dataItemName="service" spParameterType="CHAR" />
            <PP physicalParameterName="ctxt_user" seqNo="5" isCompoundParam="1" flowDirection="0" dataSegmentName="fw_context" dataItemName="user" spParameterType="CHAR" />
            <PP physicalParameterName="hdnappstate_control" seqNo="6" isCompoundParam="1" flowDirection="1" dataSegmentName="_hseg" dataItemName="hdnappstate_control" spParameterType="CHAR" />
        </BR>
    </PS>
    <SEG segmentName="fw_context" seqNo="1" instanceFlag="0" flowDirection="2" mandatory="1" isPartOfHierarchy="1" segKeys="" diCnt="13" inDINames="" ioDINames="sectoken;component;service;ouinstance;componentinstance;" outDINames="transactionobject;user;language;txntime;txnid;txnoutcome;" scDINames="connectionstring;role;" diNames="sectoken;component;service;ouinstance;componentinstance;transactionobject;user;language;txntime;txnid;txnoutcome;connectionstring;role;" inDICnt="0" outDICnt="6" ioDICnt="5" scDICnt="2">
        <DI dataItemName="transactionobject" dataType="8" dataLength="32" isPartOfKey="0" flowAttribute="1" mandatoryFlag="1" defaultValue="" bt_Type="STRING" isModel="" />
        <DI dataItemName="user" dataType="8" dataLength="32" isPartOfKey="0" flowAttribute="1" mandatoryFlag="1" defaultValue="" bt_Type="STRING" isModel="" />
        <DI dataItemName="language" dataType="3" dataLength="20" isPartOfKey="0" flowAttribute="1" mandatoryFlag="1" defaultValue="" bt_Type="STRING" isModel="" />
        <DI dataItemName="sectoken" dataType="8" dataLength="32" isPartOfKey="0" flowAttribute="2" mandatoryFlag="1" defaultValue="" bt_Type="STRING" isModel="" />
        <DI dataItemName="component" dataType="8" dataLength="32" isPartOfKey="0" flowAttribute="2" mandatoryFlag="1" defaultValue="" bt_Type="STRING" isModel="" />
        <DI dataItemName="service" dataType="8" dataLength="32" isPartOfKey="0" flowAttribute="2" mandatoryFlag="1" defaultValue="" bt_Type="STRING" isModel="" />
        <DI dataItemName="ouinstance" dataType="8" dataLength="40" isPartOfKey="0" flowAttribute="2" mandatoryFlag="1" defaultValue="" bt_Type="STRING" isModel="" />
        <DI dataItemName="componentinstance" dataType="8" dataLength="40" isPartOfKey="0" flowAttribute="2" mandatoryFlag="1" defaultValue="" bt_Type="STRING" isModel="" />
        <DI dataItemName="txntime" dataType="8" dataLength="50" isPartOfKey="0" flowAttribute="1" mandatoryFlag="1" defaultValue="" bt_Type="STRING" isModel="" />
        <DI dataItemName="txnid" dataType="8" dataLength="40" isPartOfKey="0" flowAttribute="1" mandatoryFlag="1" defaultValue="" bt_Type="STRING" isModel="" />
        <DI dataItemName="txnoutcome" dataType="8" dataLength="10" isPartOfKey="0" flowAttribute="1" mandatoryFlag="1" defaultValue="" bt_Type="STRING" isModel="" />
        <DI dataItemName="connectionstring" dataType="8" dataLength="255" isPartOfKey="0" flowAttribute="3" mandatoryFlag="1" defaultValue="" bt_Type="STRING" isModel="0" />
        <DI dataItemName="role" dataType="8" dataLength="40" isPartOfKey="0" flowAttribute="3" mandatoryFlag="1" defaultValue="" bt_Type="STRING" isModel="0" />
    </SEG>
    <SEG segmentName="_hseg" seqNo="2" instanceFlag="0" flowDirection="1" mandatory="0" isPartOfHierarchy="0" segKeys="" diCnt="1" inDINames="" ioDINames="" outDINames="hdnappstate_control;" scDINames="" diNames="hdnappstate_control;" inDICnt="0" outDICnt="1" ioDICnt="0" scDICnt="0" baseArtifact="true">
        <DI dataItemName="hdnappstate_control" dataType="8" dataLength="50" isPartOfKey="0" flowAttribute="1" mandatoryFlag="0" defaultValue="~#~" bt_Type="CHAR" isModel="" baseArtifact="false" />
    </SEG>
</RvwService>