<RvwService serviceName="wma_asnhubmainpgprintresr" serviceType="0" inSegs="_sav;asn_casav;" outSegs="errordetails;" ioSegs="_hseg;" scSegs="" inSegCnt="2" outSegCnt="0" scSegCnt="0" psCnt="3" ioSegCnt="1" dataSegs="_hseg;_sav;asn_casav;" segCnt="3">
    <PS sectionType="0" seqNo="1" controlExpressionEval="false" controlExpression="" loopingStyle="0" loopCausingSegment="" ceInstDepFlag="0" brsCnt="1" sectionName="hdrsave">
        <BR seqNo="1" cSeqNo="0" executionMode="2" baseArtifact="false" isMethod="1" progID="" methodName="wma_asnhubprintrehdrsav" integServiceName="" controlExpressionEval="false" controlExpression="" executionFlag="1" loopSegment="" modeFlagExpression="" methodID="0" accessesDatabase="1" systemGenerated="1" broName="" ceInstDepFlag="0" spName="wma_asnhubprintrehdrsav" disable="false" operationType="0" spErrorProtocol="0" brppCnt="58" brlpCnt="0">
            <PP physicalParameterName="_reportformat" seqNo="1" isCompoundParam="1" flowDirection="0" dataSegmentName="_hseg" dataItemName="_reportformat" spParameterType="CHAR" />
            <PP physicalParameterName="asn_asndatefrom" seqNo="2" isCompoundParam="1" flowDirection="0" dataSegmentName="_hseg" dataItemName="asn_asndatefrom" spParameterType="DATE" />
            <PP physicalParameterName="asn_asndateto" seqNo="3" isCompoundParam="1" flowDirection="0" dataSegmentName="_hseg" dataItemName="asn_asndateto" spParameterType="DATE" />
            <PP physicalParameterName="asn_asnnofrom" seqNo="4" isCompoundParam="1" flowDirection="0" dataSegmentName="_hseg" dataItemName="asn_asnnofrom" spParameterType="CHAR" />
            <PP physicalParameterName="asn_asnnoto" seqNo="5" isCompoundParam="1" flowDirection="0" dataSegmentName="_hseg" dataItemName="asn_asnnoto" spParameterType="CHAR" />
            <PP physicalParameterName="asn_customercode" seqNo="6" isCompoundParam="1" flowDirection="0" dataSegmentName="_hseg" dataItemName="asn_customercode" spParameterType="CHAR" />
            <PP physicalParameterName="asn_customername" seqNo="7" isCompoundParam="1" flowDirection="0" dataSegmentName="_hseg" dataItemName="asn_customername" spParameterType="CHAR" />
            <PP physicalParameterName="asn_equipmentnumber_hdr" seqNo="8" isCompoundParam="1" flowDirection="0" dataSegmentName="_hseg" dataItemName="asn_equipmentnumber_hdr" spParameterType="CHAR" />
            <PP physicalParameterName="asn_equipmenttype_hdr" seqNo="9" isCompoundParam="1" flowDirection="0" dataSegmentName="_hseg" dataItemName="asn_equipmenttype_hdr" spParameterType="CHAR" />
            <PP physicalParameterName="asn_hidden_1" seqNo="10" isCompoundParam="1" flowDirection="0" dataSegmentName="_hseg" dataItemName="asn_hidden_1" spParameterType="INTEGER" />
            <PP physicalParameterName="asn_hub_deliverydate_hdr" seqNo="11" isCompoundParam="1" flowDirection="0" dataSegmentName="_hseg" dataItemName="asn_hub_deliverydate_hdr" spParameterType="DATE" />
            <PP physicalParameterName="asn_inboundorderdatefrom" seqNo="12" isCompoundParam="1" flowDirection="0" dataSegmentName="_hseg" dataItemName="asn_inboundorderdatefrom" spParameterType="DATE" />
            <PP physicalParameterName="asn_inboundorderdateto" seqNo="13" isCompoundParam="1" flowDirection="0" dataSegmentName="_hseg" dataItemName="asn_inboundorderdateto" spParameterType="DATE" />
            <PP physicalParameterName="asn_inboundordernofrom" seqNo="14" isCompoundParam="1" flowDirection="0" dataSegmentName="_hseg" dataItemName="asn_inboundordernofrom" spParameterType="CHAR" />
            <PP physicalParameterName="asn_inboundordernoto" seqNo="15" isCompoundParam="1" flowDirection="0" dataSegmentName="_hseg" dataItemName="asn_inboundordernoto" spParameterType="CHAR" />
            <PP physicalParameterName="asn_primaryrefdocdatefromhdr" seqNo="16" isCompoundParam="1" flowDirection="0" dataSegmentName="_hseg" dataItemName="asn_primaryrefdocdatefromhdr" spParameterType="DATE" />
            <PP physicalParameterName="asn_primaryrefdocnofrom" seqNo="17" isCompoundParam="1" flowDirection="0" dataSegmentName="_hseg" dataItemName="asn_primaryrefdocnofrom" spParameterType="CHAR" />
            <PP physicalParameterName="asn_primaryrefdocnoto" seqNo="18" isCompoundParam="1" flowDirection="0" dataSegmentName="_hseg" dataItemName="asn_primaryrefdocnoto" spParameterType="DATE" />
            <PP physicalParameterName="asn_primaryrefdoctype" seqNo="19" isCompoundParam="1" flowDirection="0" dataSegmentName="_hseg" dataItemName="asn_primaryrefdoctype" spParameterType="CHAR" />
            <PP physicalParameterName="asn_reporton_btn" seqNo="20" isCompoundParam="1" flowDirection="0" dataSegmentName="_hseg" dataItemName="asn_reporton_btn" spParameterType="CHAR" />
            <PP physicalParameterName="asn_status" seqNo="21" isCompoundParam="1" flowDirection="0" dataSegmentName="_hseg" dataItemName="asn_status" spParameterType="CHAR" />
            <PP physicalParameterName="asn_vehiclenumber_hdr" seqNo="22" isCompoundParam="1" flowDirection="0" dataSegmentName="_hseg" dataItemName="asn_vehiclenumber_hdr" spParameterType="CHAR" />
            <PP physicalParameterName="asn_vehicletype_hdr" seqNo="23" isCompoundParam="1" flowDirection="0" dataSegmentName="_hseg" dataItemName="asn_vehicletype_hdr" spParameterType="CHAR" />
            <PP physicalParameterName="asn_vendorcode" seqNo="24" isCompoundParam="1" flowDirection="0" dataSegmentName="_hseg" dataItemName="asn_vendorcode" spParameterType="CHAR" />
            <PP physicalParameterName="asn_vendorname" seqNo="25" isCompoundParam="1" flowDirection="0" dataSegmentName="_hseg" dataItemName="asn_vendorname" spParameterType="CHAR" />
            <PP physicalParameterName="carriername_asn_hdr" seqNo="26" isCompoundParam="1" flowDirection="0" dataSegmentName="_hseg" dataItemName="carriername_asn_hdr" spParameterType="CHAR" />
            <PP physicalParameterName="ctxt_language" seqNo="27" isCompoundParam="1" flowDirection="0" dataSegmentName="fw_context" dataItemName="language" spParameterType="INTEGER" />
            <PP physicalParameterName="ctxt_ouinstance" seqNo="28" isCompoundParam="1" flowDirection="0" dataSegmentName="fw_context" dataItemName="ouinstance" spParameterType="INTEGER" />
            <PP physicalParameterName="ctxt_role" seqNo="29" isCompoundParam="1" flowDirection="0" dataSegmentName="fw_context" dataItemName="role" spParameterType="CHAR" />
            <PP physicalParameterName="ctxt_service" seqNo="30" isCompoundParam="1" flowDirection="0" dataSegmentName="fw_context" dataItemName="service" spParameterType="CHAR" />
            <PP physicalParameterName="ctxt_user" seqNo="31" isCompoundParam="1" flowDirection="0" dataSegmentName="fw_context" dataItemName="user" spParameterType="CHAR" />
            <PP physicalParameterName="description" seqNo="32" isCompoundParam="1" flowDirection="0" dataSegmentName="_hseg" dataItemName="description" spParameterType="CHAR" />
            <PP physicalParameterName="guid" seqNo="33" isCompoundParam="1" flowDirection="0" dataSegmentName="_hseg" dataItemName="guid" spParameterType="CHAR" />
            <PP physicalParameterName="hdnbu" seqNo="34" isCompoundParam="1" flowDirection="0" dataSegmentName="_hseg" dataItemName="hdnbu" spParameterType="CHAR" />
            <PP physicalParameterName="hdncc" seqNo="35" isCompoundParam="1" flowDirection="0" dataSegmentName="_hseg" dataItemName="hdncc" spParameterType="CHAR" />
            <PP physicalParameterName="hdncsouinstance" seqNo="36" isCompoundParam="1" flowDirection="0" dataSegmentName="_hseg" dataItemName="hdncsouinstance" spParameterType="INTEGER" />
            <PP physicalParameterName="hdnguid" seqNo="37" isCompoundParam="1" flowDirection="0" dataSegmentName="_hseg" dataItemName="hdnguid" spParameterType="CHAR" />
            <PP physicalParameterName="hdnhiddencontrol1" seqNo="38" isCompoundParam="1" flowDirection="0" dataSegmentName="_hseg" dataItemName="hdnhiddencontrol1" spParameterType="CHAR" />
            <PP physicalParameterName="hdnhiddencontrol2" seqNo="39" isCompoundParam="1" flowDirection="0" dataSegmentName="_hseg" dataItemName="hdnhiddencontrol2" spParameterType="CHAR" />
            <PP physicalParameterName="hdnlo" seqNo="40" isCompoundParam="1" flowDirection="0" dataSegmentName="_hseg" dataItemName="hdnlo" spParameterType="CHAR" />
            <PP physicalParameterName="hdnou" seqNo="41" isCompoundParam="1" flowDirection="0" dataSegmentName="_hseg" dataItemName="hdnou" spParameterType="INTEGER" />
            <PP physicalParameterName="hdnrecloc" seqNo="42" isCompoundParam="1" flowDirection="0" dataSegmentName="_hseg" dataItemName="hdnrecloc" spParameterType="CHAR" />
            <PP physicalParameterName="hdnsrcloc" seqNo="43" isCompoundParam="1" flowDirection="0" dataSegmentName="_hseg" dataItemName="hdnsrcloc" spParameterType="CHAR" />
            <PP physicalParameterName="hdntimestamp" seqNo="44" isCompoundParam="1" flowDirection="0" dataSegmentName="_hseg" dataItemName="hdntimestamp" spParameterType="INTEGER" />
            <PP physicalParameterName="hiddencontrol1" seqNo="45" isCompoundParam="1" flowDirection="0" dataSegmentName="_hseg" dataItemName="hiddencontrol1" spParameterType="CHAR" />
            <PP physicalParameterName="hiddencontrol2" seqNo="46" isCompoundParam="1" flowDirection="0" dataSegmentName="_hseg" dataItemName="hiddencontrol2" spParameterType="CHAR" />
            <PP physicalParameterName="hiddencontrol3" seqNo="47" isCompoundParam="1" flowDirection="0" dataSegmentName="_hseg" dataItemName="hiddencontrol3" spParameterType="CHAR" />
            <PP physicalParameterName="hiddencontrol4" seqNo="48" isCompoundParam="1" flowDirection="0" dataSegmentName="_hseg" dataItemName="hiddencontrol4" spParameterType="CHAR" />
            <PP physicalParameterName="hiddencontrol5" seqNo="49" isCompoundParam="1" flowDirection="0" dataSegmentName="_hseg" dataItemName="hiddencontrol5" spParameterType="CHAR" />
            <PP physicalParameterName="location" seqNo="50" isCompoundParam="1" flowDirection="0" dataSegmentName="_hseg" dataItemName="location" spParameterType="CHAR" />
            <PP physicalParameterName="oucodehide" seqNo="51" isCompoundParam="1" flowDirection="0" dataSegmentName="_hseg" dataItemName="oucodehide" spParameterType="INTEGER" />
            <PP physicalParameterName="prj_hdn_ctrl" seqNo="52" isCompoundParam="1" flowDirection="0" dataSegmentName="_hseg" dataItemName="prj_hdn_ctrl" spParameterType="CHAR" />
            <PP physicalParameterName="report_format_hdn" seqNo="53" isCompoundParam="1" flowDirection="0" dataSegmentName="_hseg" dataItemName="report_format_hdn" spParameterType="CHAR" />
            <PP physicalParameterName="srccompcode" seqNo="54" isCompoundParam="1" flowDirection="0" dataSegmentName="_hseg" dataItemName="srccompcode" spParameterType="CHAR" />
            <PP physicalParameterName="txtdtformat" seqNo="55" isCompoundParam="1" flowDirection="0" dataSegmentName="_hseg" dataItemName="txtdtformat" spParameterType="CHAR" />
            <PP physicalParameterName="txtdtformatinthide" seqNo="56" isCompoundParam="1" flowDirection="0" dataSegmentName="_hseg" dataItemName="txtdtformatinthide" spParameterType="CHAR" />
            <PP physicalParameterName="txttimestamp" seqNo="57" isCompoundParam="1" flowDirection="0" dataSegmentName="_hseg" dataItemName="txttimestamp" spParameterType="INTEGER" />
            <PP physicalParameterName="vendorasnno_asn_hdr" seqNo="58" isCompoundParam="1" flowDirection="0" dataSegmentName="_hseg" dataItemName="vendorasnno_asn_hdr" spParameterType="CHAR" />
        </BR>
    </PS>
    <PS sectionType="0" seqNo="2" controlExpressionEval="false" controlExpression="" loopingStyle="0" loopCausingSegment="" ceInstDepFlag="0" brsCnt="2" sectionName="mlsave">
        <BR seqNo="1" cSeqNo="0" executionMode="2" baseArtifact="false" isMethod="1" progID="" methodName="wma_asnhubprintremlasn_casav" integServiceName="" controlExpressionEval="false" controlExpression="" executionFlag="1" loopSegment="asn_casav" modeFlagExpression="" methodID="0" accessesDatabase="1" systemGenerated="1" broName="" ceInstDepFlag="0" spName="wma_asnhubprintremlasn_casav" disable="false" operationType="0" spErrorProtocol="0" brppCnt="62" brlpCnt="0">
            <PP physicalParameterName="_reportformat" seqNo="1" isCompoundParam="1" flowDirection="0" dataSegmentName="_hseg" dataItemName="_reportformat" spParameterType="CHAR" />
            <PP physicalParameterName="all_cards" seqNo="2" isCompoundParam="1" flowDirection="0" dataSegmentName="asn_casav" dataItemName="all_cards" spParameterType="CHAR" />
            <PP physicalParameterName="asn_asndatefrom" seqNo="3" isCompoundParam="1" flowDirection="0" dataSegmentName="_hseg" dataItemName="asn_asndatefrom" spParameterType="DATE" />
            <PP physicalParameterName="asn_asndateto" seqNo="4" isCompoundParam="1" flowDirection="0" dataSegmentName="_hseg" dataItemName="asn_asndateto" spParameterType="DATE" />
            <PP physicalParameterName="asn_asnnofrom" seqNo="5" isCompoundParam="1" flowDirection="0" dataSegmentName="_hseg" dataItemName="asn_asnnofrom" spParameterType="CHAR" />
            <PP physicalParameterName="asn_asnnoto" seqNo="6" isCompoundParam="1" flowDirection="0" dataSegmentName="_hseg" dataItemName="asn_asnnoto" spParameterType="CHAR" />
            <PP physicalParameterName="asn_customercode" seqNo="7" isCompoundParam="1" flowDirection="0" dataSegmentName="_hseg" dataItemName="asn_customercode" spParameterType="CHAR" />
            <PP physicalParameterName="asn_customername" seqNo="8" isCompoundParam="1" flowDirection="0" dataSegmentName="_hseg" dataItemName="asn_customername" spParameterType="CHAR" />
            <PP physicalParameterName="asn_equipmentnumber_hdr" seqNo="9" isCompoundParam="1" flowDirection="0" dataSegmentName="_hseg" dataItemName="asn_equipmentnumber_hdr" spParameterType="CHAR" />
            <PP physicalParameterName="asn_equipmenttype_hdr" seqNo="10" isCompoundParam="1" flowDirection="0" dataSegmentName="_hseg" dataItemName="asn_equipmenttype_hdr" spParameterType="CHAR" />
            <PP physicalParameterName="asn_hidden_1" seqNo="11" isCompoundParam="1" flowDirection="0" dataSegmentName="_hseg" dataItemName="asn_hidden_1" spParameterType="INTEGER" />
            <PP physicalParameterName="asn_hub_deliverydate_hdr" seqNo="12" isCompoundParam="1" flowDirection="0" dataSegmentName="_hseg" dataItemName="asn_hub_deliverydate_hdr" spParameterType="DATE" />
            <PP physicalParameterName="asn_inboundorderdatefrom" seqNo="13" isCompoundParam="1" flowDirection="0" dataSegmentName="_hseg" dataItemName="asn_inboundorderdatefrom" spParameterType="DATE" />
            <PP physicalParameterName="asn_inboundorderdateto" seqNo="14" isCompoundParam="1" flowDirection="0" dataSegmentName="_hseg" dataItemName="asn_inboundorderdateto" spParameterType="DATE" />
            <PP physicalParameterName="asn_inboundordernofrom" seqNo="15" isCompoundParam="1" flowDirection="0" dataSegmentName="_hseg" dataItemName="asn_inboundordernofrom" spParameterType="CHAR" />
            <PP physicalParameterName="asn_inboundordernoto" seqNo="16" isCompoundParam="1" flowDirection="0" dataSegmentName="_hseg" dataItemName="asn_inboundordernoto" spParameterType="CHAR" />
            <PP physicalParameterName="asn_primaryrefdocdatefromhdr" seqNo="17" isCompoundParam="1" flowDirection="0" dataSegmentName="_hseg" dataItemName="asn_primaryrefdocdatefromhdr" spParameterType="DATE" />
            <PP physicalParameterName="asn_primaryrefdocnofrom" seqNo="18" isCompoundParam="1" flowDirection="0" dataSegmentName="_hseg" dataItemName="asn_primaryrefdocnofrom" spParameterType="CHAR" />
            <PP physicalParameterName="asn_primaryrefdocnoto" seqNo="19" isCompoundParam="1" flowDirection="0" dataSegmentName="_hseg" dataItemName="asn_primaryrefdocnoto" spParameterType="DATE" />
            <PP physicalParameterName="asn_primaryrefdoctype" seqNo="20" isCompoundParam="1" flowDirection="0" dataSegmentName="_hseg" dataItemName="asn_primaryrefdoctype" spParameterType="CHAR" />
            <PP physicalParameterName="asn_reporton_btn" seqNo="21" isCompoundParam="1" flowDirection="0" dataSegmentName="_hseg" dataItemName="asn_reporton_btn" spParameterType="CHAR" />
            <PP physicalParameterName="asn_status" seqNo="22" isCompoundParam="1" flowDirection="0" dataSegmentName="_hseg" dataItemName="asn_status" spParameterType="CHAR" />
            <PP physicalParameterName="asn_vehiclenumber_hdr" seqNo="23" isCompoundParam="1" flowDirection="0" dataSegmentName="_hseg" dataItemName="asn_vehiclenumber_hdr" spParameterType="CHAR" />
            <PP physicalParameterName="asn_vehicletype_hdr" seqNo="24" isCompoundParam="1" flowDirection="0" dataSegmentName="_hseg" dataItemName="asn_vehicletype_hdr" spParameterType="CHAR" />
            <PP physicalParameterName="asn_vendorcode" seqNo="25" isCompoundParam="1" flowDirection="0" dataSegmentName="_hseg" dataItemName="asn_vendorcode" spParameterType="CHAR" />
            <PP physicalParameterName="asn_vendorname" seqNo="26" isCompoundParam="1" flowDirection="0" dataSegmentName="_hseg" dataItemName="asn_vendorname" spParameterType="CHAR" />
            <PP physicalParameterName="carriername_asn_hdr" seqNo="27" isCompoundParam="1" flowDirection="0" dataSegmentName="_hseg" dataItemName="carriername_asn_hdr" spParameterType="CHAR" />
            <PP physicalParameterName="ctxt_language" seqNo="28" isCompoundParam="1" flowDirection="0" dataSegmentName="fw_context" dataItemName="language" spParameterType="INTEGER" />
            <PP physicalParameterName="ctxt_ouinstance" seqNo="29" isCompoundParam="1" flowDirection="0" dataSegmentName="fw_context" dataItemName="ouinstance" spParameterType="INTEGER" />
            <PP physicalParameterName="ctxt_role" seqNo="30" isCompoundParam="1" flowDirection="0" dataSegmentName="fw_context" dataItemName="role" spParameterType="CHAR" />
            <PP physicalParameterName="ctxt_service" seqNo="31" isCompoundParam="1" flowDirection="0" dataSegmentName="fw_context" dataItemName="service" spParameterType="CHAR" />
            <PP physicalParameterName="ctxt_user" seqNo="32" isCompoundParam="1" flowDirection="0" dataSegmentName="fw_context" dataItemName="user" spParameterType="CHAR" />
            <PP physicalParameterName="description" seqNo="33" isCompoundParam="1" flowDirection="0" dataSegmentName="_hseg" dataItemName="description" spParameterType="CHAR" />
            <PP physicalParameterName="guid" seqNo="34" isCompoundParam="1" flowDirection="0" dataSegmentName="_hseg" dataItemName="guid" spParameterType="CHAR" />
            <PP physicalParameterName="hdnbu" seqNo="35" isCompoundParam="1" flowDirection="0" dataSegmentName="_hseg" dataItemName="hdnbu" spParameterType="CHAR" />
            <PP physicalParameterName="hdncc" seqNo="36" isCompoundParam="1" flowDirection="0" dataSegmentName="_hseg" dataItemName="hdncc" spParameterType="CHAR" />
            <PP physicalParameterName="hdncsouinstance" seqNo="37" isCompoundParam="1" flowDirection="0" dataSegmentName="_hseg" dataItemName="hdncsouinstance" spParameterType="INTEGER" />
            <PP physicalParameterName="hdnguid" seqNo="38" isCompoundParam="1" flowDirection="0" dataSegmentName="_hseg" dataItemName="hdnguid" spParameterType="CHAR" />
            <PP physicalParameterName="hdnhiddencontrol1" seqNo="39" isCompoundParam="1" flowDirection="0" dataSegmentName="_hseg" dataItemName="hdnhiddencontrol1" spParameterType="CHAR" />
            <PP physicalParameterName="hdnhiddencontrol2" seqNo="40" isCompoundParam="1" flowDirection="0" dataSegmentName="_hseg" dataItemName="hdnhiddencontrol2" spParameterType="CHAR" />
            <PP physicalParameterName="hdnlo" seqNo="41" isCompoundParam="1" flowDirection="0" dataSegmentName="_hseg" dataItemName="hdnlo" spParameterType="CHAR" />
            <PP physicalParameterName="hdnou" seqNo="42" isCompoundParam="1" flowDirection="0" dataSegmentName="_hseg" dataItemName="hdnou" spParameterType="INTEGER" />
            <PP physicalParameterName="hdnrecloc" seqNo="43" isCompoundParam="1" flowDirection="0" dataSegmentName="_hseg" dataItemName="hdnrecloc" spParameterType="CHAR" />
            <PP physicalParameterName="hdnsrcloc" seqNo="44" isCompoundParam="1" flowDirection="0" dataSegmentName="_hseg" dataItemName="hdnsrcloc" spParameterType="CHAR" />
            <PP physicalParameterName="hdntimestamp" seqNo="45" isCompoundParam="1" flowDirection="0" dataSegmentName="_hseg" dataItemName="hdntimestamp" spParameterType="INTEGER" />
            <PP physicalParameterName="hiddencontrol1" seqNo="46" isCompoundParam="1" flowDirection="0" dataSegmentName="_hseg" dataItemName="hiddencontrol1" spParameterType="CHAR" />
            <PP physicalParameterName="hiddencontrol2" seqNo="47" isCompoundParam="1" flowDirection="0" dataSegmentName="_hseg" dataItemName="hiddencontrol2" spParameterType="CHAR" />
            <PP physicalParameterName="hiddencontrol3" seqNo="48" isCompoundParam="1" flowDirection="0" dataSegmentName="_hseg" dataItemName="hiddencontrol3" spParameterType="CHAR" />
            <PP physicalParameterName="hiddencontrol4" seqNo="49" isCompoundParam="1" flowDirection="0" dataSegmentName="_hseg" dataItemName="hiddencontrol4" spParameterType="CHAR" />
            <PP physicalParameterName="hiddencontrol5" seqNo="50" isCompoundParam="1" flowDirection="0" dataSegmentName="_hseg" dataItemName="hiddencontrol5" spParameterType="CHAR" />
            <PP physicalParameterName="location" seqNo="51" isCompoundParam="1" flowDirection="0" dataSegmentName="_hseg" dataItemName="location" spParameterType="CHAR" />
            <PP physicalParameterName="modeflag" seqNo="52" isCompoundParam="1" flowDirection="0" dataSegmentName="asn_casav" dataItemName="modeflag" spParameterType="CHAR" />
            <PP physicalParameterName="oucodehide" seqNo="53" isCompoundParam="1" flowDirection="0" dataSegmentName="_hseg" dataItemName="oucodehide" spParameterType="INTEGER" />
            <PP physicalParameterName="prj_hdn_ctrl" seqNo="54" isCompoundParam="1" flowDirection="0" dataSegmentName="_hseg" dataItemName="prj_hdn_ctrl" spParameterType="CHAR" />
            <PP physicalParameterName="report_format_hdn" seqNo="55" isCompoundParam="1" flowDirection="0" dataSegmentName="_hseg" dataItemName="report_format_hdn" spParameterType="CHAR" />
            <PP physicalParameterName="srccompcode" seqNo="56" isCompoundParam="1" flowDirection="0" dataSegmentName="_hseg" dataItemName="srccompcode" spParameterType="CHAR" />
            <PP physicalParameterName="txtdtformat" seqNo="57" isCompoundParam="1" flowDirection="0" dataSegmentName="_hseg" dataItemName="txtdtformat" spParameterType="CHAR" />
            <PP physicalParameterName="txtdtformatinthide" seqNo="58" isCompoundParam="1" flowDirection="0" dataSegmentName="_hseg" dataItemName="txtdtformatinthide" spParameterType="CHAR" />
            <PP physicalParameterName="txttimestamp" seqNo="59" isCompoundParam="1" flowDirection="0" dataSegmentName="_hseg" dataItemName="txttimestamp" spParameterType="INTEGER" />
            <PP physicalParameterName="vendorasnno_asn_hdr" seqNo="60" isCompoundParam="1" flowDirection="0" dataSegmentName="_hseg" dataItemName="vendorasnno_asn_hdr" spParameterType="CHAR" />
            <PP physicalParameterName="asn_ca_fprowno" seqNo="61" isCompoundParam="1" flowDirection="2" dataSegmentName="_hseg" dataItemName="asn_ca_fprowno" spParameterType="INT" />
            <PP physicalParameterName="fprowno" seqNo="62" isCompoundParam="1" flowDirection="2" dataSegmentName="_hseg" dataItemName="fprowno" spParameterType="INT" />
        </BR>
        <BR seqNo="2" cSeqNo="0" executionMode="2" baseArtifact="false" isMethod="1" progID="" methodName="wma_asnhubprintreml_sav" integServiceName="" controlExpressionEval="false" controlExpression="" executionFlag="1" loopSegment="_sav" modeFlagExpression="" methodID="0" accessesDatabase="1" systemGenerated="1" broName="" ceInstDepFlag="0" spName="wma_asnhubprintreml_sav" disable="false" operationType="0" spErrorProtocol="0" brppCnt="88" brlpCnt="0">
            <PP physicalParameterName="_reportformat" seqNo="1" isCompoundParam="1" flowDirection="0" dataSegmentName="_hseg" dataItemName="_reportformat" spParameterType="CHAR" />
            <PP physicalParameterName="asn_asndate_ml" seqNo="2" isCompoundParam="1" flowDirection="0" dataSegmentName="_sav" dataItemName="asn_asndate_ml" spParameterType="DATE" />
            <PP physicalParameterName="asn_asndatefrom" seqNo="3" isCompoundParam="1" flowDirection="0" dataSegmentName="_hseg" dataItemName="asn_asndatefrom" spParameterType="DATE" />
            <PP physicalParameterName="asn_asndateto" seqNo="4" isCompoundParam="1" flowDirection="0" dataSegmentName="_hseg" dataItemName="asn_asndateto" spParameterType="DATE" />
            <PP physicalParameterName="asn_asnno_ml" seqNo="5" isCompoundParam="1" flowDirection="0" dataSegmentName="_sav" dataItemName="asn_asnno_ml" spParameterType="CHAR" />
            <PP physicalParameterName="asn_asnnofrom" seqNo="6" isCompoundParam="1" flowDirection="0" dataSegmentName="_hseg" dataItemName="asn_asnnofrom" spParameterType="CHAR" />
            <PP physicalParameterName="asn_asnnoto" seqNo="7" isCompoundParam="1" flowDirection="0" dataSegmentName="_hseg" dataItemName="asn_asnnoto" spParameterType="CHAR" />
            <PP physicalParameterName="asn_customercode" seqNo="8" isCompoundParam="1" flowDirection="0" dataSegmentName="_hseg" dataItemName="asn_customercode" spParameterType="CHAR" />
            <PP physicalParameterName="asn_customercode_ml" seqNo="9" isCompoundParam="1" flowDirection="0" dataSegmentName="_sav" dataItemName="asn_customercode_ml" spParameterType="CHAR" />
            <PP physicalParameterName="asn_customeritemcode_ml" seqNo="10" isCompoundParam="1" flowDirection="0" dataSegmentName="_sav" dataItemName="asn_customeritemcode_ml" spParameterType="CHAR" />
            <PP physicalParameterName="asn_customername" seqNo="11" isCompoundParam="1" flowDirection="0" dataSegmentName="_hseg" dataItemName="asn_customername" spParameterType="CHAR" />
            <PP physicalParameterName="asn_customername_ml" seqNo="12" isCompoundParam="1" flowDirection="0" dataSegmentName="_sav" dataItemName="asn_customername_ml" spParameterType="CHAR" />
            <PP physicalParameterName="asn_equipmentnumber_hdr" seqNo="13" isCompoundParam="1" flowDirection="0" dataSegmentName="_hseg" dataItemName="asn_equipmentnumber_hdr" spParameterType="CHAR" />
            <PP physicalParameterName="asn_equipmenttype_hdr" seqNo="14" isCompoundParam="1" flowDirection="0" dataSegmentName="_hseg" dataItemName="asn_equipmenttype_hdr" spParameterType="CHAR" />
            <PP physicalParameterName="asn_expecteddeliverydate_ml" seqNo="15" isCompoundParam="1" flowDirection="0" dataSegmentName="_sav" dataItemName="asn_expecteddeliverydate_ml" spParameterType="DATE" />
            <PP physicalParameterName="asn_hdn_char_01" seqNo="16" isCompoundParam="1" flowDirection="0" dataSegmentName="_sav" dataItemName="asn_hdn_char_01" spParameterType="CHAR" />
            <PP physicalParameterName="asn_hdn_char_02" seqNo="17" isCompoundParam="1" flowDirection="0" dataSegmentName="_sav" dataItemName="asn_hdn_char_02" spParameterType="CHAR" />
            <PP physicalParameterName="asn_hdn_char_03" seqNo="18" isCompoundParam="1" flowDirection="0" dataSegmentName="_sav" dataItemName="asn_hdn_char_03" spParameterType="CHAR" />
            <PP physicalParameterName="asn_hdn_int_01" seqNo="19" isCompoundParam="1" flowDirection="0" dataSegmentName="_sav" dataItemName="asn_hdn_int_01" spParameterType="INTEGER" />
            <PP physicalParameterName="asn_hdn_int_02" seqNo="20" isCompoundParam="1" flowDirection="0" dataSegmentName="_sav" dataItemName="asn_hdn_int_02" spParameterType="INTEGER" />
            <PP physicalParameterName="asn_hidden_1" seqNo="21" isCompoundParam="1" flowDirection="0" dataSegmentName="_hseg" dataItemName="asn_hidden_1" spParameterType="INTEGER" />
            <PP physicalParameterName="asn_hub_deliverydate_hdr" seqNo="22" isCompoundParam="1" flowDirection="0" dataSegmentName="_hseg" dataItemName="asn_hub_deliverydate_hdr" spParameterType="DATE" />
            <PP physicalParameterName="asn_inboundorderdate_ml" seqNo="23" isCompoundParam="1" flowDirection="0" dataSegmentName="_sav" dataItemName="asn_inboundorderdate_ml" spParameterType="DATE" />
            <PP physicalParameterName="asn_inboundorderdatefrom" seqNo="24" isCompoundParam="1" flowDirection="0" dataSegmentName="_hseg" dataItemName="asn_inboundorderdatefrom" spParameterType="DATE" />
            <PP physicalParameterName="asn_inboundorderdateto" seqNo="25" isCompoundParam="1" flowDirection="0" dataSegmentName="_hseg" dataItemName="asn_inboundorderdateto" spParameterType="DATE" />
            <PP physicalParameterName="asn_inboundorderno_ml" seqNo="26" isCompoundParam="1" flowDirection="0" dataSegmentName="_sav" dataItemName="asn_inboundorderno_ml" spParameterType="CHAR" />
            <PP physicalParameterName="asn_inboundordernofrom" seqNo="27" isCompoundParam="1" flowDirection="0" dataSegmentName="_hseg" dataItemName="asn_inboundordernofrom" spParameterType="CHAR" />
            <PP physicalParameterName="asn_inboundordernoto" seqNo="28" isCompoundParam="1" flowDirection="0" dataSegmentName="_hseg" dataItemName="asn_inboundordernoto" spParameterType="CHAR" />
            <PP physicalParameterName="asn_itemcode_ml" seqNo="29" isCompoundParam="1" flowDirection="0" dataSegmentName="_sav" dataItemName="asn_itemcode_ml" spParameterType="CHAR" />
            <PP physicalParameterName="asn_itemdesc_ml" seqNo="30" isCompoundParam="1" flowDirection="0" dataSegmentName="_sav" dataItemName="asn_itemdesc_ml" spParameterType="CHAR" />
            <PP physicalParameterName="asn_masteruom_ml" seqNo="31" isCompoundParam="1" flowDirection="0" dataSegmentName="_sav" dataItemName="asn_masteruom_ml" spParameterType="CHAR" />
            <PP physicalParameterName="asn_orderqty_ml" seqNo="32" isCompoundParam="1" flowDirection="0" dataSegmentName="_sav" dataItemName="asn_orderqty_ml" spParameterType="NUMERIC" />
            <PP physicalParameterName="asn_primaryrefdocdatefromhdr" seqNo="33" isCompoundParam="1" flowDirection="0" dataSegmentName="_hseg" dataItemName="asn_primaryrefdocdatefromhdr" spParameterType="DATE" />
            <PP physicalParameterName="asn_primaryrefdocno_ml" seqNo="34" isCompoundParam="1" flowDirection="0" dataSegmentName="_sav" dataItemName="asn_primaryrefdocno_ml" spParameterType="CHAR" />
            <PP physicalParameterName="asn_primaryrefdocnofrom" seqNo="35" isCompoundParam="1" flowDirection="0" dataSegmentName="_hseg" dataItemName="asn_primaryrefdocnofrom" spParameterType="CHAR" />
            <PP physicalParameterName="asn_primaryrefdocnoto" seqNo="36" isCompoundParam="1" flowDirection="0" dataSegmentName="_hseg" dataItemName="asn_primaryrefdocnoto" spParameterType="DATE" />
            <PP physicalParameterName="asn_primaryrefdoctype" seqNo="37" isCompoundParam="1" flowDirection="0" dataSegmentName="_hseg" dataItemName="asn_primaryrefdoctype" spParameterType="CHAR" />
            <PP physicalParameterName="asn_primaryrefdoctype_ml" seqNo="38" isCompoundParam="1" flowDirection="0" dataSegmentName="_sav" dataItemName="asn_primaryrefdoctype_ml" spParameterType="CHAR" />
            <PP physicalParameterName="asn_reporton_btn" seqNo="39" isCompoundParam="1" flowDirection="0" dataSegmentName="_hseg" dataItemName="asn_reporton_btn" spParameterType="CHAR" />
            <PP physicalParameterName="asn_status" seqNo="40" isCompoundParam="1" flowDirection="0" dataSegmentName="_hseg" dataItemName="asn_status" spParameterType="CHAR" />
            <PP physicalParameterName="asn_status_ml" seqNo="41" isCompoundParam="1" flowDirection="0" dataSegmentName="_sav" dataItemName="asn_status_ml" spParameterType="CHAR" />
            <PP physicalParameterName="asn_thuqty_ml" seqNo="42" isCompoundParam="1" flowDirection="0" dataSegmentName="_sav" dataItemName="asn_thuqty_ml" spParameterType="NUMERIC" />
            <PP physicalParameterName="asn_thutype_ml" seqNo="43" isCompoundParam="1" flowDirection="0" dataSegmentName="_sav" dataItemName="asn_thutype_ml" spParameterType="CHAR" />
            <PP physicalParameterName="asn_vehiclenumber_hdr" seqNo="44" isCompoundParam="1" flowDirection="0" dataSegmentName="_hseg" dataItemName="asn_vehiclenumber_hdr" spParameterType="CHAR" />
            <PP physicalParameterName="asn_vehicletype_hdr" seqNo="45" isCompoundParam="1" flowDirection="0" dataSegmentName="_hseg" dataItemName="asn_vehicletype_hdr" spParameterType="CHAR" />
            <PP physicalParameterName="asn_vendorcode" seqNo="46" isCompoundParam="1" flowDirection="0" dataSegmentName="_hseg" dataItemName="asn_vendorcode" spParameterType="CHAR" />
            <PP physicalParameterName="asn_vendorcode_ml" seqNo="47" isCompoundParam="1" flowDirection="0" dataSegmentName="_sav" dataItemName="asn_vendorcode_ml" spParameterType="CHAR" />
            <PP physicalParameterName="asn_vendorname" seqNo="48" isCompoundParam="1" flowDirection="0" dataSegmentName="_hseg" dataItemName="asn_vendorname" spParameterType="CHAR" />
            <PP physicalParameterName="asn_vendorname_ml" seqNo="49" isCompoundParam="1" flowDirection="0" dataSegmentName="_sav" dataItemName="asn_vendorname_ml" spParameterType="CHAR" />
            <PP physicalParameterName="carriername_asn_hdr" seqNo="50" isCompoundParam="1" flowDirection="0" dataSegmentName="_hseg" dataItemName="carriername_asn_hdr" spParameterType="CHAR" />
            <PP physicalParameterName="ctxt_language" seqNo="51" isCompoundParam="1" flowDirection="0" dataSegmentName="fw_context" dataItemName="language" spParameterType="INTEGER" />
            <PP physicalParameterName="ctxt_ouinstance" seqNo="52" isCompoundParam="1" flowDirection="0" dataSegmentName="fw_context" dataItemName="ouinstance" spParameterType="INTEGER" />
            <PP physicalParameterName="ctxt_role" seqNo="53" isCompoundParam="1" flowDirection="0" dataSegmentName="fw_context" dataItemName="role" spParameterType="CHAR" />
            <PP physicalParameterName="ctxt_service" seqNo="54" isCompoundParam="1" flowDirection="0" dataSegmentName="fw_context" dataItemName="service" spParameterType="CHAR" />
            <PP physicalParameterName="ctxt_user" seqNo="55" isCompoundParam="1" flowDirection="0" dataSegmentName="fw_context" dataItemName="user" spParameterType="CHAR" />
            <PP physicalParameterName="description" seqNo="56" isCompoundParam="1" flowDirection="0" dataSegmentName="_hseg" dataItemName="description" spParameterType="CHAR" />
            <PP physicalParameterName="equipmentnumber_asn_ml" seqNo="57" isCompoundParam="1" flowDirection="0" dataSegmentName="_sav" dataItemName="equipmentnumber_asn_ml" spParameterType="CHAR" />
            <PP physicalParameterName="equipmenttype_asn_ml" seqNo="58" isCompoundParam="1" flowDirection="0" dataSegmentName="_sav" dataItemName="equipmenttype_asn_ml" spParameterType="CHAR" />
            <PP physicalParameterName="guid" seqNo="59" isCompoundParam="1" flowDirection="0" dataSegmentName="_hseg" dataItemName="guid" spParameterType="CHAR" />
            <PP physicalParameterName="hdnbu" seqNo="60" isCompoundParam="1" flowDirection="0" dataSegmentName="_hseg" dataItemName="hdnbu" spParameterType="CHAR" />
            <PP physicalParameterName="hdncc" seqNo="61" isCompoundParam="1" flowDirection="0" dataSegmentName="_hseg" dataItemName="hdncc" spParameterType="CHAR" />
            <PP physicalParameterName="hdncsouinstance" seqNo="62" isCompoundParam="1" flowDirection="0" dataSegmentName="_hseg" dataItemName="hdncsouinstance" spParameterType="INTEGER" />
            <PP physicalParameterName="hdnguid" seqNo="63" isCompoundParam="1" flowDirection="0" dataSegmentName="_hseg" dataItemName="hdnguid" spParameterType="CHAR" />
            <PP physicalParameterName="hdnhiddencontrol1" seqNo="64" isCompoundParam="1" flowDirection="0" dataSegmentName="_hseg" dataItemName="hdnhiddencontrol1" spParameterType="CHAR" />
            <PP physicalParameterName="hdnhiddencontrol2" seqNo="65" isCompoundParam="1" flowDirection="0" dataSegmentName="_hseg" dataItemName="hdnhiddencontrol2" spParameterType="CHAR" />
            <PP physicalParameterName="hdnlo" seqNo="66" isCompoundParam="1" flowDirection="0" dataSegmentName="_hseg" dataItemName="hdnlo" spParameterType="CHAR" />
            <PP physicalParameterName="hdnou" seqNo="67" isCompoundParam="1" flowDirection="0" dataSegmentName="_hseg" dataItemName="hdnou" spParameterType="INTEGER" />
            <PP physicalParameterName="hdnrecloc" seqNo="68" isCompoundParam="1" flowDirection="0" dataSegmentName="_hseg" dataItemName="hdnrecloc" spParameterType="CHAR" />
            <PP physicalParameterName="hdnsrcloc" seqNo="69" isCompoundParam="1" flowDirection="0" dataSegmentName="_hseg" dataItemName="hdnsrcloc" spParameterType="CHAR" />
            <PP physicalParameterName="hdntimestamp" seqNo="70" isCompoundParam="1" flowDirection="0" dataSegmentName="_hseg" dataItemName="hdntimestamp" spParameterType="INTEGER" />
            <PP physicalParameterName="hiddencontrol1" seqNo="71" isCompoundParam="1" flowDirection="0" dataSegmentName="_hseg" dataItemName="hiddencontrol1" spParameterType="CHAR" />
            <PP physicalParameterName="hiddencontrol2" seqNo="72" isCompoundParam="1" flowDirection="0" dataSegmentName="_hseg" dataItemName="hiddencontrol2" spParameterType="CHAR" />
            <PP physicalParameterName="hiddencontrol3" seqNo="73" isCompoundParam="1" flowDirection="0" dataSegmentName="_hseg" dataItemName="hiddencontrol3" spParameterType="CHAR" />
            <PP physicalParameterName="hiddencontrol4" seqNo="74" isCompoundParam="1" flowDirection="0" dataSegmentName="_hseg" dataItemName="hiddencontrol4" spParameterType="CHAR" />
            <PP physicalParameterName="hiddencontrol5" seqNo="75" isCompoundParam="1" flowDirection="0" dataSegmentName="_hseg" dataItemName="hiddencontrol5" spParameterType="CHAR" />
            <PP physicalParameterName="internalnotes_asn_ml" seqNo="76" isCompoundParam="1" flowDirection="0" dataSegmentName="_sav" dataItemName="internalnotes_asn_ml" spParameterType="CHAR" />
            <PP physicalParameterName="location" seqNo="77" isCompoundParam="1" flowDirection="0" dataSegmentName="_hseg" dataItemName="location" spParameterType="CHAR" />
            <PP physicalParameterName="modeflag" seqNo="78" isCompoundParam="1" flowDirection="0" dataSegmentName="_sav" dataItemName="modeflag" spParameterType="CHAR" />
            <PP physicalParameterName="oucodehide" seqNo="79" isCompoundParam="1" flowDirection="0" dataSegmentName="_hseg" dataItemName="oucodehide" spParameterType="INTEGER" />
            <PP physicalParameterName="prj_hdn_ctrl" seqNo="80" isCompoundParam="1" flowDirection="0" dataSegmentName="_hseg" dataItemName="prj_hdn_ctrl" spParameterType="CHAR" />
            <PP physicalParameterName="report_format_hdn" seqNo="81" isCompoundParam="1" flowDirection="0" dataSegmentName="_hseg" dataItemName="report_format_hdn" spParameterType="CHAR" />
            <PP physicalParameterName="srccompcode" seqNo="82" isCompoundParam="1" flowDirection="0" dataSegmentName="_hseg" dataItemName="srccompcode" spParameterType="CHAR" />
            <PP physicalParameterName="txtdtformat" seqNo="83" isCompoundParam="1" flowDirection="0" dataSegmentName="_hseg" dataItemName="txtdtformat" spParameterType="CHAR" />
            <PP physicalParameterName="txtdtformatinthide" seqNo="84" isCompoundParam="1" flowDirection="0" dataSegmentName="_hseg" dataItemName="txtdtformatinthide" spParameterType="CHAR" />
            <PP physicalParameterName="txttimestamp" seqNo="85" isCompoundParam="1" flowDirection="0" dataSegmentName="_hseg" dataItemName="txttimestamp" spParameterType="INTEGER" />
            <PP physicalParameterName="vendorasnno_asn_hdr" seqNo="86" isCompoundParam="1" flowDirection="0" dataSegmentName="_hseg" dataItemName="vendorasnno_asn_hdr" spParameterType="CHAR" />
            <PP physicalParameterName="__fprowno" seqNo="87" isCompoundParam="1" flowDirection="2" dataSegmentName="_hseg" dataItemName="__fprowno" spParameterType="INT" />
            <PP physicalParameterName="fprowno" seqNo="88" isCompoundParam="1" flowDirection="2" dataSegmentName="_hseg" dataItemName="fprowno" spParameterType="INT" />
        </BR>
    </PS>
    <PS sectionType="0" seqNo="3" controlExpressionEval="false" controlExpression="" loopingStyle="0" loopCausingSegment="" ceInstDepFlag="0" brsCnt="1" sectionName="hdrcheck">
        <BR seqNo="1" cSeqNo="0" executionMode="2" baseArtifact="false" isMethod="1" progID="" methodName="wma_asnhubprintrehdrchk" integServiceName="" controlExpressionEval="false" controlExpression="" executionFlag="1" loopSegment="" modeFlagExpression="" methodID="0" accessesDatabase="1" systemGenerated="1" broName="" ceInstDepFlag="0" spName="wma_asnhubprintrehdrchk" disable="false" operationType="0" spErrorProtocol="0" brppCnt="61" brlpCnt="0">
            <PP physicalParameterName="_reportformat" seqNo="1" isCompoundParam="1" flowDirection="0" dataSegmentName="_hseg" dataItemName="_reportformat" spParameterType="CHAR" />
            <PP physicalParameterName="asn_asndatefrom" seqNo="2" isCompoundParam="1" flowDirection="0" dataSegmentName="_hseg" dataItemName="asn_asndatefrom" spParameterType="DATE" />
            <PP physicalParameterName="asn_asndateto" seqNo="3" isCompoundParam="1" flowDirection="0" dataSegmentName="_hseg" dataItemName="asn_asndateto" spParameterType="DATE" />
            <PP physicalParameterName="asn_asnnofrom" seqNo="4" isCompoundParam="1" flowDirection="0" dataSegmentName="_hseg" dataItemName="asn_asnnofrom" spParameterType="CHAR" />
            <PP physicalParameterName="asn_asnnoto" seqNo="5" isCompoundParam="1" flowDirection="0" dataSegmentName="_hseg" dataItemName="asn_asnnoto" spParameterType="CHAR" />
            <PP physicalParameterName="asn_customercode" seqNo="6" isCompoundParam="1" flowDirection="0" dataSegmentName="_hseg" dataItemName="asn_customercode" spParameterType="CHAR" />
            <PP physicalParameterName="asn_customername" seqNo="7" isCompoundParam="1" flowDirection="0" dataSegmentName="_hseg" dataItemName="asn_customername" spParameterType="CHAR" />
            <PP physicalParameterName="asn_equipmentnumber_hdr" seqNo="8" isCompoundParam="1" flowDirection="0" dataSegmentName="_hseg" dataItemName="asn_equipmentnumber_hdr" spParameterType="CHAR" />
            <PP physicalParameterName="asn_equipmenttype_hdr" seqNo="9" isCompoundParam="1" flowDirection="0" dataSegmentName="_hseg" dataItemName="asn_equipmenttype_hdr" spParameterType="CHAR" />
            <PP physicalParameterName="asn_hidden_1" seqNo="10" isCompoundParam="1" flowDirection="0" dataSegmentName="_hseg" dataItemName="asn_hidden_1" spParameterType="INTEGER" />
            <PP physicalParameterName="asn_hub_deliverydate_hdr" seqNo="11" isCompoundParam="1" flowDirection="0" dataSegmentName="_hseg" dataItemName="asn_hub_deliverydate_hdr" spParameterType="DATE" />
            <PP physicalParameterName="asn_inboundorderdatefrom" seqNo="12" isCompoundParam="1" flowDirection="0" dataSegmentName="_hseg" dataItemName="asn_inboundorderdatefrom" spParameterType="DATE" />
            <PP physicalParameterName="asn_inboundorderdateto" seqNo="13" isCompoundParam="1" flowDirection="0" dataSegmentName="_hseg" dataItemName="asn_inboundorderdateto" spParameterType="DATE" />
            <PP physicalParameterName="asn_inboundordernofrom" seqNo="14" isCompoundParam="1" flowDirection="0" dataSegmentName="_hseg" dataItemName="asn_inboundordernofrom" spParameterType="CHAR" />
            <PP physicalParameterName="asn_inboundordernoto" seqNo="15" isCompoundParam="1" flowDirection="0" dataSegmentName="_hseg" dataItemName="asn_inboundordernoto" spParameterType="CHAR" />
            <PP physicalParameterName="asn_primaryrefdocdatefromhdr" seqNo="16" isCompoundParam="1" flowDirection="0" dataSegmentName="_hseg" dataItemName="asn_primaryrefdocdatefromhdr" spParameterType="DATE" />
            <PP physicalParameterName="asn_primaryrefdocnofrom" seqNo="17" isCompoundParam="1" flowDirection="0" dataSegmentName="_hseg" dataItemName="asn_primaryrefdocnofrom" spParameterType="CHAR" />
            <PP physicalParameterName="asn_primaryrefdocnoto" seqNo="18" isCompoundParam="1" flowDirection="0" dataSegmentName="_hseg" dataItemName="asn_primaryrefdocnoto" spParameterType="DATE" />
            <PP physicalParameterName="asn_primaryrefdoctype" seqNo="19" isCompoundParam="1" flowDirection="0" dataSegmentName="_hseg" dataItemName="asn_primaryrefdoctype" spParameterType="CHAR" />
            <PP physicalParameterName="asn_reporton_btn" seqNo="20" isCompoundParam="1" flowDirection="0" dataSegmentName="_hseg" dataItemName="asn_reporton_btn" spParameterType="CHAR" />
            <PP physicalParameterName="asn_status" seqNo="21" isCompoundParam="1" flowDirection="0" dataSegmentName="_hseg" dataItemName="asn_status" spParameterType="CHAR" />
            <PP physicalParameterName="asn_vehiclenumber_hdr" seqNo="22" isCompoundParam="1" flowDirection="0" dataSegmentName="_hseg" dataItemName="asn_vehiclenumber_hdr" spParameterType="CHAR" />
            <PP physicalParameterName="asn_vehicletype_hdr" seqNo="23" isCompoundParam="1" flowDirection="0" dataSegmentName="_hseg" dataItemName="asn_vehicletype_hdr" spParameterType="CHAR" />
            <PP physicalParameterName="asn_vendorcode" seqNo="24" isCompoundParam="1" flowDirection="0" dataSegmentName="_hseg" dataItemName="asn_vendorcode" spParameterType="CHAR" />
            <PP physicalParameterName="asn_vendorname" seqNo="25" isCompoundParam="1" flowDirection="0" dataSegmentName="_hseg" dataItemName="asn_vendorname" spParameterType="CHAR" />
            <PP physicalParameterName="carriername_asn_hdr" seqNo="26" isCompoundParam="1" flowDirection="0" dataSegmentName="_hseg" dataItemName="carriername_asn_hdr" spParameterType="CHAR" />
            <PP physicalParameterName="ctxt_language" seqNo="27" isCompoundParam="1" flowDirection="0" dataSegmentName="fw_context" dataItemName="language" spParameterType="INTEGER" />
            <PP physicalParameterName="ctxt_ouinstance" seqNo="28" isCompoundParam="1" flowDirection="0" dataSegmentName="fw_context" dataItemName="ouinstance" spParameterType="INTEGER" />
            <PP physicalParameterName="ctxt_role" seqNo="29" isCompoundParam="1" flowDirection="0" dataSegmentName="fw_context" dataItemName="role" spParameterType="CHAR" />
            <PP physicalParameterName="ctxt_service" seqNo="30" isCompoundParam="1" flowDirection="0" dataSegmentName="fw_context" dataItemName="service" spParameterType="CHAR" />
            <PP physicalParameterName="ctxt_user" seqNo="31" isCompoundParam="1" flowDirection="0" dataSegmentName="fw_context" dataItemName="user" spParameterType="CHAR" />
            <PP physicalParameterName="description" seqNo="32" isCompoundParam="1" flowDirection="0" dataSegmentName="_hseg" dataItemName="description" spParameterType="CHAR" />
            <PP physicalParameterName="guid" seqNo="33" isCompoundParam="1" flowDirection="0" dataSegmentName="_hseg" dataItemName="guid" spParameterType="CHAR" />
            <PP physicalParameterName="hdnbu" seqNo="34" isCompoundParam="1" flowDirection="0" dataSegmentName="_hseg" dataItemName="hdnbu" spParameterType="CHAR" />
            <PP physicalParameterName="hdncc" seqNo="35" isCompoundParam="1" flowDirection="0" dataSegmentName="_hseg" dataItemName="hdncc" spParameterType="CHAR" />
            <PP physicalParameterName="hdncsouinstance" seqNo="36" isCompoundParam="1" flowDirection="0" dataSegmentName="_hseg" dataItemName="hdncsouinstance" spParameterType="INTEGER" />
            <PP physicalParameterName="hdnguid" seqNo="37" isCompoundParam="1" flowDirection="0" dataSegmentName="_hseg" dataItemName="hdnguid" spParameterType="CHAR" />
            <PP physicalParameterName="hdnhiddencontrol1" seqNo="38" isCompoundParam="1" flowDirection="0" dataSegmentName="_hseg" dataItemName="hdnhiddencontrol1" spParameterType="CHAR" />
            <PP physicalParameterName="hdnhiddencontrol2" seqNo="39" isCompoundParam="1" flowDirection="0" dataSegmentName="_hseg" dataItemName="hdnhiddencontrol2" spParameterType="CHAR" />
            <PP physicalParameterName="hdnlo" seqNo="40" isCompoundParam="1" flowDirection="0" dataSegmentName="_hseg" dataItemName="hdnlo" spParameterType="CHAR" />
            <PP physicalParameterName="hdnou" seqNo="41" isCompoundParam="1" flowDirection="0" dataSegmentName="_hseg" dataItemName="hdnou" spParameterType="INTEGER" />
            <PP physicalParameterName="hdnrecloc" seqNo="42" isCompoundParam="1" flowDirection="0" dataSegmentName="_hseg" dataItemName="hdnrecloc" spParameterType="CHAR" />
            <PP physicalParameterName="hdnsrcloc" seqNo="43" isCompoundParam="1" flowDirection="0" dataSegmentName="_hseg" dataItemName="hdnsrcloc" spParameterType="CHAR" />
            <PP physicalParameterName="hdntimestamp" seqNo="44" isCompoundParam="1" flowDirection="0" dataSegmentName="_hseg" dataItemName="hdntimestamp" spParameterType="INTEGER" />
            <PP physicalParameterName="hiddencontrol1" seqNo="45" isCompoundParam="1" flowDirection="0" dataSegmentName="_hseg" dataItemName="hiddencontrol1" spParameterType="CHAR" />
            <PP physicalParameterName="hiddencontrol2" seqNo="46" isCompoundParam="1" flowDirection="0" dataSegmentName="_hseg" dataItemName="hiddencontrol2" spParameterType="CHAR" />
            <PP physicalParameterName="hiddencontrol3" seqNo="47" isCompoundParam="1" flowDirection="0" dataSegmentName="_hseg" dataItemName="hiddencontrol3" spParameterType="CHAR" />
            <PP physicalParameterName="hiddencontrol4" seqNo="48" isCompoundParam="1" flowDirection="0" dataSegmentName="_hseg" dataItemName="hiddencontrol4" spParameterType="CHAR" />
            <PP physicalParameterName="hiddencontrol5" seqNo="49" isCompoundParam="1" flowDirection="0" dataSegmentName="_hseg" dataItemName="hiddencontrol5" spParameterType="CHAR" />
            <PP physicalParameterName="location" seqNo="50" isCompoundParam="1" flowDirection="0" dataSegmentName="_hseg" dataItemName="location" spParameterType="CHAR" />
            <PP physicalParameterName="oucodehide" seqNo="51" isCompoundParam="1" flowDirection="0" dataSegmentName="_hseg" dataItemName="oucodehide" spParameterType="INTEGER" />
            <PP physicalParameterName="prj_hdn_ctrl" seqNo="52" isCompoundParam="1" flowDirection="0" dataSegmentName="_hseg" dataItemName="prj_hdn_ctrl" spParameterType="CHAR" />
            <PP physicalParameterName="report_format_hdn" seqNo="53" isCompoundParam="1" flowDirection="0" dataSegmentName="_hseg" dataItemName="report_format_hdn" spParameterType="CHAR" />
            <PP physicalParameterName="srccompcode" seqNo="54" isCompoundParam="1" flowDirection="0" dataSegmentName="_hseg" dataItemName="srccompcode" spParameterType="CHAR" />
            <PP physicalParameterName="txtdtformat" seqNo="55" isCompoundParam="1" flowDirection="0" dataSegmentName="_hseg" dataItemName="txtdtformat" spParameterType="CHAR" />
            <PP physicalParameterName="txtdtformatinthide" seqNo="56" isCompoundParam="1" flowDirection="0" dataSegmentName="_hseg" dataItemName="txtdtformatinthide" spParameterType="CHAR" />
            <PP physicalParameterName="txttimestamp" seqNo="57" isCompoundParam="1" flowDirection="0" dataSegmentName="_hseg" dataItemName="txttimestamp" spParameterType="INTEGER" />
            <PP physicalParameterName="vendorasnno_asn_hdr" seqNo="58" isCompoundParam="1" flowDirection="0" dataSegmentName="_hseg" dataItemName="vendorasnno_asn_hdr" spParameterType="CHAR" />
            <PP physicalParameterName="__fprowno" seqNo="59" isCompoundParam="1" flowDirection="2" dataSegmentName="_hseg" dataItemName="__fprowno" spParameterType="INT" />
            <PP physicalParameterName="asn_ca_fprowno" seqNo="60" isCompoundParam="1" flowDirection="2" dataSegmentName="_hseg" dataItemName="asn_ca_fprowno" spParameterType="INT" />
            <PP physicalParameterName="fprowno" seqNo="61" isCompoundParam="1" flowDirection="2" dataSegmentName="_hseg" dataItemName="fprowno" spParameterType="INT" />
        </BR>
    </PS>
    <SEG segmentName="fw_context" seqNo="1" instanceFlag="0" flowDirection="2" mandatory="1" isPartOfHierarchy="1" segKeys="" diCnt="13" inDINames="" ioDINames="sectoken;component;service;ouinstance;componentinstance;" outDINames="transactionobject;user;language;txntime;txnid;txnoutcome;" scDINames="connectionstring;role;" diNames="sectoken;component;service;ouinstance;componentinstance;transactionobject;user;language;txntime;txnid;txnoutcome;connectionstring;role;" inDICnt="0" outDICnt="6" ioDICnt="5" scDICnt="2">
        <DI dataItemName="transactionobject" dataType="8" dataLength="32" isPartOfKey="0" flowAttribute="1" mandatoryFlag="1" defaultValue="" bt_Type="STRING" isModel="" />
        <DI dataItemName="user" dataType="8" dataLength="32" isPartOfKey="0" flowAttribute="1" mandatoryFlag="1" defaultValue="" bt_Type="STRING" isModel="" />
        <DI dataItemName="language" dataType="3" dataLength="20" isPartOfKey="0" flowAttribute="1" mandatoryFlag="1" defaultValue="" bt_Type="STRING" isModel="" />
        <DI dataItemName="sectoken" dataType="8" dataLength="32" isPartOfKey="0" flowAttribute="2" mandatoryFlag="1" defaultValue="" bt_Type="STRING" isModel="" />
        <DI dataItemName="component" dataType="8" dataLength="32" isPartOfKey="0" flowAttribute="2" mandatoryFlag="1" defaultValue="" bt_Type="STRING" isModel="" />
        <DI dataItemName="service" dataType="8" dataLength="32" isPartOfKey="0" flowAttribute="2" mandatoryFlag="1" defaultValue="" bt_Type="STRING" isModel="" />
        <DI dataItemName="ouinstance" dataType="8" dataLength="40" isPartOfKey="0" flowAttribute="2" mandatoryFlag="1" defaultValue="" bt_Type="STRING" isModel="" />
        <DI dataItemName="componentinstance" dataType="8" dataLength="40" isPartOfKey="0" flowAttribute="2" mandatoryFlag="1" defaultValue="" bt_Type="STRING" isModel="" />
        <DI dataItemName="txntime" dataType="8" dataLength="50" isPartOfKey="0" flowAttribute="1" mandatoryFlag="1" defaultValue="" bt_Type="STRING" isModel="" />
        <DI dataItemName="txnid" dataType="8" dataLength="40" isPartOfKey="0" flowAttribute="1" mandatoryFlag="1" defaultValue="" bt_Type="STRING" isModel="" />
        <DI dataItemName="txnoutcome" dataType="8" dataLength="10" isPartOfKey="0" flowAttribute="1" mandatoryFlag="1" defaultValue="" bt_Type="STRING" isModel="" />
        <DI dataItemName="connectionstring" dataType="8" dataLength="255" isPartOfKey="0" flowAttribute="3" mandatoryFlag="1" defaultValue="" bt_Type="STRING" isModel="0" />
        <DI dataItemName="role" dataType="8" dataLength="40" isPartOfKey="0" flowAttribute="3" mandatoryFlag="1" defaultValue="" bt_Type="STRING" isModel="0" />
    </SEG>
    <SEG segmentName="_hseg" seqNo="1" instanceFlag="0" flowDirection="2" mandatory="0" isPartOfHierarchy="0" segKeys="" diCnt="56" inDINames="" ioDINames="_reportformat;asn_asndatefrom;asn_asndateto;asn_asnnofrom;asn_asnnoto;asn_customercode;asn_customername;asn_equipmentnumber_hdr;asn_equipmenttype_hdr;asn_hidden_1;asn_hub_deliverydate_hdr;asn_inboundorderdatefrom;asn_inboundorderdateto;asn_inboundordernofrom;asn_inboundordernoto;asn_primaryrefdocdatefromhdr;asn_primaryrefdocnofrom;asn_primaryrefdocnoto;asn_primaryrefdoctype;asn_reporton_btn;asn_status;asn_vehiclenumber_hdr;asn_vehicletype_hdr;asn_vendorcode;asn_vendorname;carriername_asn_hdr;description;guid;hdnbu;hdncc;hdncsouinstance;hdnguid;hdnhiddencontrol1;hdnhiddencontrol2;hdnlo;hdnou;hdnrecloc;hdnsrcloc;hdntimestamp;hiddencontrol1;hiddencontrol2;hiddencontrol3;hiddencontrol4;hiddencontrol5;location;oucodehide;prj_hdn_ctrl;report_format_hdn;srccompcode;txtdtformat;txtdtformatinthide;txttimestamp;vendorasnno_asn_hdr;" outDINames="" scDINames="__fprowno;asn_ca_fprowno;fprowno;" diNames="__fprowno;_reportformat;asn_asndatefrom;asn_asndateto;asn_asnnofrom;asn_asnnoto;asn_ca_fprowno;asn_customercode;asn_customername;asn_equipmentnumber_hdr;asn_equipmenttype_hdr;asn_hidden_1;asn_hub_deliverydate_hdr;asn_inboundorderdatefrom;asn_inboundorderdateto;asn_inboundordernofrom;asn_inboundordernoto;asn_primaryrefdocdatefromhdr;asn_primaryrefdocnofrom;asn_primaryrefdocnoto;asn_primaryrefdoctype;asn_reporton_btn;asn_status;asn_vehiclenumber_hdr;asn_vehicletype_hdr;asn_vendorcode;asn_vendorname;carriername_asn_hdr;description;fprowno;guid;hdnbu;hdncc;hdncsouinstance;hdnguid;hdnhiddencontrol1;hdnhiddencontrol2;hdnlo;hdnou;hdnrecloc;hdnsrcloc;hdntimestamp;hiddencontrol1;hiddencontrol2;hiddencontrol3;hiddencontrol4;hiddencontrol5;location;oucodehide;prj_hdn_ctrl;report_format_hdn;srccompcode;txtdtformat;txtdtformatinthide;txttimestamp;vendorasnno_asn_hdr;" inDICnt="0" outDICnt="0" ioDICnt="53" scDICnt="3" baseArtifact="false">
        <DI dataItemName="__fprowno" dataType="3" dataLength="4" isPartOfKey="0" flowAttribute="3" mandatoryFlag="0" defaultValue="-915" bt_Type="INTEGER" isModel="0" baseArtifact="false" />
        <DI dataItemName="_reportformat" dataType="8" dataLength="255" isPartOfKey="0" flowAttribute="2" mandatoryFlag="0" defaultValue="~#~" bt_Type="CHAR" isModel="" baseArtifact="false" />
        <DI dataItemName="asn_asndatefrom" dataType="8" dataLength="18" isPartOfKey="0" flowAttribute="2" mandatoryFlag="0" defaultValue="1900-01-01" bt_Type="DATE" isModel="" baseArtifact="false" />
        <DI dataItemName="asn_asndateto" dataType="8" dataLength="18" isPartOfKey="0" flowAttribute="2" mandatoryFlag="0" defaultValue="1900-01-01" bt_Type="DATE" isModel="" baseArtifact="false" />
        <DI dataItemName="asn_asnnofrom" dataType="8" dataLength="20" isPartOfKey="0" flowAttribute="2" mandatoryFlag="0" defaultValue="~#~" bt_Type="CHAR" isModel="" baseArtifact="false" />
        <DI dataItemName="asn_asnnoto" dataType="8" dataLength="20" isPartOfKey="0" flowAttribute="2" mandatoryFlag="0" defaultValue="~#~" bt_Type="CHAR" isModel="" baseArtifact="false" />
        <DI dataItemName="asn_ca_fprowno" dataType="3" dataLength="4" isPartOfKey="0" flowAttribute="3" mandatoryFlag="0" defaultValue="-915" bt_Type="INTEGER" isModel="0" baseArtifact="false" />
        <DI dataItemName="asn_customercode" dataType="8" dataLength="20" isPartOfKey="0" flowAttribute="2" mandatoryFlag="0" defaultValue="~#~" bt_Type="CHAR" isModel="" baseArtifact="false" />
        <DI dataItemName="asn_customername" dataType="8" dataLength="40" isPartOfKey="0" flowAttribute="2" mandatoryFlag="0" defaultValue="~#~" bt_Type="CHAR" isModel="" baseArtifact="false" />
        <DI dataItemName="asn_equipmentnumber_hdr" dataType="8" dataLength="30" isPartOfKey="0" flowAttribute="2" mandatoryFlag="0" defaultValue="~#~" bt_Type="CHAR" isModel="" baseArtifact="false" />
        <DI dataItemName="asn_equipmenttype_hdr" dataType="8" dataLength="40" isPartOfKey="0" flowAttribute="2" mandatoryFlag="0" defaultValue="~#~" bt_Type="CHAR" isModel="" baseArtifact="false" />
        <DI dataItemName="asn_hidden_1" dataType="3" dataLength="5" isPartOfKey="0" flowAttribute="2" mandatoryFlag="0" defaultValue="-915" bt_Type="INTEGER" isModel="" baseArtifact="false" />
        <DI dataItemName="asn_hub_deliverydate_hdr" dataType="8" dataLength="18" isPartOfKey="0" flowAttribute="2" mandatoryFlag="0" defaultValue="1900-01-01" bt_Type="DATE" isModel="" baseArtifact="false" />
        <DI dataItemName="asn_inboundorderdatefrom" dataType="8" dataLength="18" isPartOfKey="0" flowAttribute="2" mandatoryFlag="0" defaultValue="1900-01-01" bt_Type="DATE" isModel="" baseArtifact="false" />
        <DI dataItemName="asn_inboundorderdateto" dataType="8" dataLength="18" isPartOfKey="0" flowAttribute="2" mandatoryFlag="0" defaultValue="1900-01-01" bt_Type="DATE" isModel="" baseArtifact="false" />
        <DI dataItemName="asn_inboundordernofrom" dataType="8" dataLength="20" isPartOfKey="0" flowAttribute="2" mandatoryFlag="0" defaultValue="~#~" bt_Type="CHAR" isModel="" baseArtifact="false" />
        <DI dataItemName="asn_inboundordernoto" dataType="8" dataLength="20" isPartOfKey="0" flowAttribute="2" mandatoryFlag="0" defaultValue="~#~" bt_Type="CHAR" isModel="" baseArtifact="false" />
        <DI dataItemName="asn_primaryrefdocdatefromhdr" dataType="8" dataLength="18" isPartOfKey="0" flowAttribute="2" mandatoryFlag="0" defaultValue="1900-01-01" bt_Type="DATE" isModel="" baseArtifact="false" />
        <DI dataItemName="asn_primaryrefdocnofrom" dataType="8" dataLength="20" isPartOfKey="0" flowAttribute="2" mandatoryFlag="0" defaultValue="~#~" bt_Type="CHAR" isModel="" baseArtifact="false" />
        <DI dataItemName="asn_primaryrefdocnoto" dataType="8" dataLength="18" isPartOfKey="0" flowAttribute="2" mandatoryFlag="0" defaultValue="1900-01-01" bt_Type="DATE" isModel="" baseArtifact="false" />
        <DI dataItemName="asn_primaryrefdoctype" dataType="8" dataLength="255" isPartOfKey="0" flowAttribute="2" mandatoryFlag="0" defaultValue="~#~" bt_Type="CHAR" isModel="" baseArtifact="false" />
        <DI dataItemName="asn_reporton_btn" dataType="8" dataLength="255" isPartOfKey="0" flowAttribute="2" mandatoryFlag="0" defaultValue="~#~" bt_Type="CHAR" isModel="" baseArtifact="false" />
        <DI dataItemName="asn_status" dataType="8" dataLength="255" isPartOfKey="0" flowAttribute="2" mandatoryFlag="0" defaultValue="~#~" bt_Type="CHAR" isModel="" baseArtifact="false" />
        <DI dataItemName="asn_vehiclenumber_hdr" dataType="8" dataLength="30" isPartOfKey="0" flowAttribute="2" mandatoryFlag="0" defaultValue="~#~" bt_Type="CHAR" isModel="" baseArtifact="false" />
        <DI dataItemName="asn_vehicletype_hdr" dataType="8" dataLength="40" isPartOfKey="0" flowAttribute="2" mandatoryFlag="0" defaultValue="~#~" bt_Type="CHAR" isModel="" baseArtifact="false" />
        <DI dataItemName="asn_vendorcode" dataType="8" dataLength="16" isPartOfKey="0" flowAttribute="2" mandatoryFlag="0" defaultValue="~#~" bt_Type="CHAR" isModel="" baseArtifact="false" />
        <DI dataItemName="asn_vendorname" dataType="8" dataLength="40" isPartOfKey="0" flowAttribute="2" mandatoryFlag="0" defaultValue="~#~" bt_Type="CHAR" isModel="" baseArtifact="false" />
        <DI dataItemName="carriername_asn_hdr" dataType="8" dataLength="60" isPartOfKey="0" flowAttribute="2" mandatoryFlag="0" defaultValue="~#~" bt_Type="CHAR" isModel="" baseArtifact="false" />
        <DI dataItemName="description" dataType="8" dataLength="150" isPartOfKey="0" flowAttribute="2" mandatoryFlag="0" defaultValue="~#~" bt_Type="CHAR" isModel="" baseArtifact="false" />
        <DI dataItemName="fprowno" dataType="3" dataLength="4" isPartOfKey="0" flowAttribute="3" mandatoryFlag="0" defaultValue="-915" bt_Type="INTEGER" isModel="0" baseArtifact="false" />
        <DI dataItemName="guid" dataType="8" dataLength="128" isPartOfKey="0" flowAttribute="2" mandatoryFlag="0" defaultValue="~#~" bt_Type="CHAR" isModel="" baseArtifact="false" />
        <DI dataItemName="hdnbu" dataType="8" dataLength="20" isPartOfKey="0" flowAttribute="2" mandatoryFlag="0" defaultValue="~#~" bt_Type="CHAR" isModel="" baseArtifact="false" />
        <DI dataItemName="hdncc" dataType="8" dataLength="10" isPartOfKey="0" flowAttribute="2" mandatoryFlag="0" defaultValue="~#~" bt_Type="CHAR" isModel="" baseArtifact="false" />
        <DI dataItemName="hdncsouinstance" dataType="3" dataLength="4" isPartOfKey="0" flowAttribute="2" mandatoryFlag="0" defaultValue="-915" bt_Type="INTEGER" isModel="" baseArtifact="false" />
        <DI dataItemName="hdnguid" dataType="8" dataLength="128" isPartOfKey="0" flowAttribute="2" mandatoryFlag="0" defaultValue="~#~" bt_Type="CHAR" isModel="" baseArtifact="false" />
        <DI dataItemName="hdnhiddencontrol1" dataType="8" dataLength="255" isPartOfKey="0" flowAttribute="2" mandatoryFlag="0" defaultValue="~#~" bt_Type="CHAR" isModel="" baseArtifact="false" />
        <DI dataItemName="hdnhiddencontrol2" dataType="8" dataLength="255" isPartOfKey="0" flowAttribute="2" mandatoryFlag="0" defaultValue="~#~" bt_Type="CHAR" isModel="" baseArtifact="false" />
        <DI dataItemName="hdnlo" dataType="8" dataLength="20" isPartOfKey="0" flowAttribute="2" mandatoryFlag="0" defaultValue="~#~" bt_Type="CHAR" isModel="" baseArtifact="false" />
        <DI dataItemName="hdnou" dataType="3" dataLength="4" isPartOfKey="0" flowAttribute="2" mandatoryFlag="0" defaultValue="-915" bt_Type="INTEGER" isModel="" baseArtifact="false" />
        <DI dataItemName="hdnrecloc" dataType="8" dataLength="20" isPartOfKey="0" flowAttribute="2" mandatoryFlag="0" defaultValue="~#~" bt_Type="CHAR" isModel="" baseArtifact="false" />
        <DI dataItemName="hdnsrcloc" dataType="8" dataLength="20" isPartOfKey="0" flowAttribute="2" mandatoryFlag="0" defaultValue="~#~" bt_Type="CHAR" isModel="" baseArtifact="false" />
        <DI dataItemName="hdntimestamp" dataType="3" dataLength="4" isPartOfKey="0" flowAttribute="2" mandatoryFlag="0" defaultValue="-915" bt_Type="INTEGER" isModel="" baseArtifact="false" />
        <DI dataItemName="hiddencontrol1" dataType="8" dataLength="255" isPartOfKey="0" flowAttribute="2" mandatoryFlag="0" defaultValue="~#~" bt_Type="CHAR" isModel="" baseArtifact="false" />
        <DI dataItemName="hiddencontrol2" dataType="8" dataLength="255" isPartOfKey="0" flowAttribute="2" mandatoryFlag="0" defaultValue="~#~" bt_Type="CHAR" isModel="" baseArtifact="false" />
        <DI dataItemName="hiddencontrol3" dataType="8" dataLength="255" isPartOfKey="0" flowAttribute="2" mandatoryFlag="0" defaultValue="~#~" bt_Type="CHAR" isModel="" baseArtifact="false" />
        <DI dataItemName="hiddencontrol4" dataType="8" dataLength="255" isPartOfKey="0" flowAttribute="2" mandatoryFlag="0" defaultValue="~#~" bt_Type="CHAR" isModel="" baseArtifact="false" />
        <DI dataItemName="hiddencontrol5" dataType="8" dataLength="255" isPartOfKey="0" flowAttribute="2" mandatoryFlag="0" defaultValue="~#~" bt_Type="CHAR" isModel="" baseArtifact="false" />
        <DI dataItemName="location" dataType="8" dataLength="18" isPartOfKey="0" flowAttribute="2" mandatoryFlag="0" defaultValue="~#~" bt_Type="CHAR" isModel="" baseArtifact="false" />
        <DI dataItemName="oucodehide" dataType="3" dataLength="4" isPartOfKey="0" flowAttribute="2" mandatoryFlag="0" defaultValue="-915" bt_Type="INTEGER" isModel="" baseArtifact="false" />
        <DI dataItemName="prj_hdn_ctrl" dataType="8" dataLength="20" isPartOfKey="0" flowAttribute="2" mandatoryFlag="0" defaultValue="~#~" bt_Type="CHAR" isModel="" baseArtifact="false" />
        <DI dataItemName="report_format_hdn" dataType="8" dataLength="255" isPartOfKey="0" flowAttribute="2" mandatoryFlag="0" defaultValue="~#~" bt_Type="CHAR" isModel="" baseArtifact="false" />
        <DI dataItemName="srccompcode" dataType="8" dataLength="40" isPartOfKey="0" flowAttribute="2" mandatoryFlag="0" defaultValue="~#~" bt_Type="CHAR" isModel="" baseArtifact="false" />
        <DI dataItemName="txtdtformat" dataType="3" dataLength="4" isPartOfKey="0" flowAttribute="2" mandatoryFlag="0" defaultValue="~#~" bt_Type="INTEGER" isModel="" baseArtifact="false" />
        <DI dataItemName="txtdtformatinthide" dataType="3" dataLength="4" isPartOfKey="0" flowAttribute="2" mandatoryFlag="0" defaultValue="~#~" bt_Type="INTEGER" isModel="" baseArtifact="false" />
        <DI dataItemName="txttimestamp" dataType="3" dataLength="4" isPartOfKey="0" flowAttribute="2" mandatoryFlag="0" defaultValue="-915" bt_Type="INTEGER" isModel="" baseArtifact="false" />
        <DI dataItemName="vendorasnno_asn_hdr" dataType="8" dataLength="18" isPartOfKey="0" flowAttribute="2" mandatoryFlag="0" defaultValue="~#~" bt_Type="CHAR" isModel="" baseArtifact="false" />
    </SEG>
    <SEG segmentName="_sav" seqNo="2" instanceFlag="1" flowDirection="0" mandatory="0" isPartOfHierarchy="1" segKeys="" diCnt="28" inDINames="asn_asndate_ml;asn_asnno_ml;asn_customercode_ml;asn_customeritemcode_ml;asn_customername_ml;asn_expecteddeliverydate_ml;asn_hdn_char_01;asn_hdn_char_02;asn_hdn_char_03;asn_hdn_int_01;asn_hdn_int_02;asn_inboundorderdate_ml;asn_inboundorderno_ml;asn_itemcode_ml;asn_itemdesc_ml;asn_masteruom_ml;asn_orderqty_ml;asn_primaryrefdocno_ml;asn_primaryrefdoctype_ml;asn_status_ml;asn_thuqty_ml;asn_thutype_ml;asn_vendorcode_ml;asn_vendorname_ml;equipmentnumber_asn_ml;equipmenttype_asn_ml;internalnotes_asn_ml;modeflag;" ioDINames="" outDINames="" scDINames="" diNames="asn_asndate_ml;asn_asnno_ml;asn_customercode_ml;asn_customeritemcode_ml;asn_customername_ml;asn_expecteddeliverydate_ml;asn_hdn_char_01;asn_hdn_char_02;asn_hdn_char_03;asn_hdn_int_01;asn_hdn_int_02;asn_inboundorderdate_ml;asn_inboundorderno_ml;asn_itemcode_ml;asn_itemdesc_ml;asn_masteruom_ml;asn_orderqty_ml;asn_primaryrefdocno_ml;asn_primaryrefdoctype_ml;asn_status_ml;asn_thuqty_ml;asn_thutype_ml;asn_vendorcode_ml;asn_vendorname_ml;equipmentnumber_asn_ml;equipmenttype_asn_ml;internalnotes_asn_ml;modeflag;" inDICnt="28" outDICnt="0" ioDICnt="0" scDICnt="0" baseArtifact="false">
        <DI dataItemName="asn_asndate_ml" dataType="8" dataLength="18" isPartOfKey="0" flowAttribute="0" mandatoryFlag="0" defaultValue="1900-01-01" bt_Type="DATE" isModel="" baseArtifact="false" />
        <DI dataItemName="asn_asnno_ml" dataType="8" dataLength="18" isPartOfKey="0" flowAttribute="0" mandatoryFlag="0" defaultValue="~#~" bt_Type="CHAR" isModel="" baseArtifact="false" />
        <DI dataItemName="asn_customercode_ml" dataType="8" dataLength="18" isPartOfKey="0" flowAttribute="0" mandatoryFlag="0" defaultValue="~#~" bt_Type="CHAR" isModel="" baseArtifact="false" />
        <DI dataItemName="asn_customeritemcode_ml" dataType="8" dataLength="32" isPartOfKey="0" flowAttribute="0" mandatoryFlag="0" defaultValue="~#~" bt_Type="CHAR" isModel="" baseArtifact="false" />
        <DI dataItemName="asn_customername_ml" dataType="8" dataLength="40" isPartOfKey="0" flowAttribute="0" mandatoryFlag="0" defaultValue="~#~" bt_Type="CHAR" isModel="" baseArtifact="false" />
        <DI dataItemName="asn_expecteddeliverydate_ml" dataType="8" dataLength="11" isPartOfKey="0" flowAttribute="0" mandatoryFlag="0" defaultValue="1900-01-01" bt_Type="DATE" isModel="" baseArtifact="false" />
        <DI dataItemName="asn_hdn_char_01" dataType="8" dataLength="255" isPartOfKey="0" flowAttribute="0" mandatoryFlag="0" defaultValue="~#~" bt_Type="CHAR" isModel="" baseArtifact="false" />
        <DI dataItemName="asn_hdn_char_02" dataType="8" dataLength="255" isPartOfKey="0" flowAttribute="0" mandatoryFlag="0" defaultValue="~#~" bt_Type="CHAR" isModel="" baseArtifact="false" />
        <DI dataItemName="asn_hdn_char_03" dataType="8" dataLength="255" isPartOfKey="0" flowAttribute="0" mandatoryFlag="0" defaultValue="~#~" bt_Type="CHAR" isModel="" baseArtifact="false" />
        <DI dataItemName="asn_hdn_int_01" dataType="3" dataLength="5" isPartOfKey="0" flowAttribute="0" mandatoryFlag="0" defaultValue="-915" bt_Type="INTEGER" isModel="" baseArtifact="false" />
        <DI dataItemName="asn_hdn_int_02" dataType="3" dataLength="5" isPartOfKey="0" flowAttribute="0" mandatoryFlag="0" defaultValue="-915" bt_Type="INTEGER" isModel="" baseArtifact="false" />
        <DI dataItemName="asn_inboundorderdate_ml" dataType="8" dataLength="18" isPartOfKey="0" flowAttribute="0" mandatoryFlag="0" defaultValue="1900-01-01" bt_Type="DATE" isModel="" baseArtifact="false" />
        <DI dataItemName="asn_inboundorderno_ml" dataType="8" dataLength="18" isPartOfKey="0" flowAttribute="0" mandatoryFlag="0" defaultValue="~#~" bt_Type="CHAR" isModel="" baseArtifact="false" />
        <DI dataItemName="asn_itemcode_ml" dataType="8" dataLength="32" isPartOfKey="0" flowAttribute="0" mandatoryFlag="0" defaultValue="~#~" bt_Type="CHAR" isModel="" baseArtifact="false" />
        <DI dataItemName="asn_itemdesc_ml" dataType="8" dataLength="255" isPartOfKey="0" flowAttribute="0" mandatoryFlag="0" defaultValue="~#~" bt_Type="CHAR" isModel="" baseArtifact="false" />
        <DI dataItemName="asn_masteruom_ml" dataType="8" dataLength="10" isPartOfKey="0" flowAttribute="0" mandatoryFlag="0" defaultValue="~#~" bt_Type="CHAR" isModel="" baseArtifact="false" />
        <DI dataItemName="asn_orderqty_ml" dataType="5" dataLength="28" isPartOfKey="0" flowAttribute="0" mandatoryFlag="0" defaultValue="-915" bt_Type="NUMERIC" isModel="" baseArtifact="false" precision="8" />
        <DI dataItemName="asn_primaryrefdocno_ml" dataType="8" dataLength="18" isPartOfKey="0" flowAttribute="0" mandatoryFlag="0" defaultValue="~#~" bt_Type="CHAR" isModel="" baseArtifact="false" />
        <DI dataItemName="asn_primaryrefdoctype_ml" dataType="8" dataLength="255" isPartOfKey="0" flowAttribute="0" mandatoryFlag="0" defaultValue="~#~" bt_Type="CHAR" isModel="" baseArtifact="false" />
        <DI dataItemName="asn_status_ml" dataType="8" dataLength="255" isPartOfKey="0" flowAttribute="0" mandatoryFlag="0" defaultValue="~#~" bt_Type="CHAR" isModel="" baseArtifact="false" />
        <DI dataItemName="asn_thuqty_ml" dataType="5" dataLength="28" isPartOfKey="0" flowAttribute="0" mandatoryFlag="0" defaultValue="-915" bt_Type="NUMERIC" isModel="" baseArtifact="false" precision="8" />
        <DI dataItemName="asn_thutype_ml" dataType="8" dataLength="40" isPartOfKey="0" flowAttribute="0" mandatoryFlag="0" defaultValue="~#~" bt_Type="CHAR" isModel="" baseArtifact="false" />
        <DI dataItemName="asn_vendorcode_ml" dataType="8" dataLength="16" isPartOfKey="0" flowAttribute="0" mandatoryFlag="0" defaultValue="~#~" bt_Type="CHAR" isModel="" baseArtifact="false" />
        <DI dataItemName="asn_vendorname_ml" dataType="8" dataLength="40" isPartOfKey="0" flowAttribute="0" mandatoryFlag="0" defaultValue="~#~" bt_Type="CHAR" isModel="" baseArtifact="false" />
        <DI dataItemName="equipmentnumber_asn_ml" dataType="8" dataLength="30" isPartOfKey="0" flowAttribute="0" mandatoryFlag="0" defaultValue="~#~" bt_Type="CHAR" isModel="" baseArtifact="false" />
        <DI dataItemName="equipmenttype_asn_ml" dataType="8" dataLength="40" isPartOfKey="0" flowAttribute="0" mandatoryFlag="0" defaultValue="~#~" bt_Type="CHAR" isModel="" baseArtifact="false" />
        <DI dataItemName="internalnotes_asn_ml" dataType="8" dataLength="255" isPartOfKey="0" flowAttribute="0" mandatoryFlag="0" defaultValue="~#~" bt_Type="CHAR" isModel="" baseArtifact="false" />
        <DI dataItemName="modeflag" dataType="8" dataLength="1" isPartOfKey="0" flowAttribute="0" mandatoryFlag="0" defaultValue="~#~" bt_Type="CHAR" isModel="" baseArtifact="false" />
    </SEG>
    <SEG segmentName="asn_casav" seqNo="3" instanceFlag="1" flowDirection="0" mandatory="0" isPartOfHierarchy="1" segKeys="" diCnt="2" inDINames="all_cards;modeflag;" ioDINames="" outDINames="" scDINames="" diNames="all_cards;modeflag;" inDICnt="2" outDICnt="0" ioDICnt="0" scDICnt="0" baseArtifact="false">
        <DI dataItemName="all_cards" dataType="8" dataLength="255" isPartOfKey="0" flowAttribute="0" mandatoryFlag="0" defaultValue="~#~" bt_Type="CHAR" isModel="" baseArtifact="false" />
        <DI dataItemName="modeflag" dataType="8" dataLength="1" isPartOfKey="0" flowAttribute="0" mandatoryFlag="0" defaultValue="~#~" bt_Type="CHAR" isModel="" baseArtifact="false" />
    </SEG>
</RvwService>