﻿<ie>
    <e t="is" ps="highlevelsection">
        <c rn="7" cn="1" rseq="0">
            <table id="_printsection" class="visiblesectiongridwithnoborder" width="100%" cellpadding="0" cellspacing="0" valign="top" caption="printsection" type="section">
                <tr>
                    <td width="20%" />
                    <td width="20%" />
                    <td width="20%">
                        <table id="_rbtprint" cellpadding="0" cellspacing="0" border="0" type="REPORT" align="center" width="55px">
                            <tr>
                                <td class="labels" nowrap="true">
                                    <a href="javascript:CallSubmitPage(&quot;wma_asnmainpgptre&quot;)" class="standardtask" tabindex="5">Print</a>
                                </td>
                            </tr>
                        </table>
                    </td>
                    <td width="20%" />
                    <td width="20%" />
                </tr>
            </table>
        </c>
    </e>
    <e t="is" ps="highlevelsection">
        <c rn="8" cn="1" rseq="0">
            <table id="_stcontrol_sec" class="visiblesectiongridwithnoborder" width="100%" cellpadding="0" cellspacing="0" valign="top" caption="State id Section" type="section">
                <tr>
                    <td width="50%">
                        <input id="hdnappstate_control" name="hdnappstate_control" datatype="integer" maxlength="0" decimallength="0" tabindex="8" type="hidden" />
                    </td>
                </tr>
            </table>
        </c>
    </e>
</ie>