﻿<ie>
    <e t="ic" sn="asn_amendbtnsec">
        <c rn="1" cn="1" w="16%" rseq="1" />
        <c rn="1" cn="2" w="16%" rseq="0" />
        <c rn="1" cn="3" w="16%" rseq="0">
            <table id="lbl_cbo_reportformat" width="100%" cellpadding="0" cellspacing="0" type="label">
                <tr>
                    <td class="labelsleft">Report Format</td>
                </tr>
            </table>
        </c>
        <c rn="1" cn="4" w="16%" rseq="0">
            <select id="_cbo_reportformat" name="_cbo_reportformat" datatype="char" associatedtask="wma_asnhubmainpgrfui" tabindex="5" />
        </c>
        <c rn="1" cn="5" w="16%" rseq="0">
            <table id="_rbt_btnprint" cellpadding="0" cellspacing="0" border="0" type="REPORT" align="center" width="55px">
                <tr>
                    <td class="labels" nowrap="true">
                        <a href="javascript:CallSubmitPage(&quot;wma_asnhubmainpgprintre&quot;)" class="standardtask" tabindex="6">Print</a>
                    </td>
                </tr>
            </table>
        </c>
    </e>
    <e t="is" ps="highlevelsection">
        <c rn="8" cn="1" rseq="0">
            <table id="_stcontrol_sec" class="visiblesectiongridwithnoborder" width="100%" cellpadding="0" cellspacing="0" valign="top" caption="State id Section" type="section">
                <tr>
                    <td width="50%">
                        <input id="hdnappstate_control" name="hdnappstate_control" datatype="integer" maxlength="0" decimallength="0" tabindex="7" type="hidden" />
                    </td>
                </tr>
            </table>
        </c>
    </e>
</ie>