<RVWILBO ComponentName="WMACTIVITY" ComponentDesc="WMActivity" ActivityName="wm_asnact" ActivityDesc="ASN" ILBOName="asn_main" ILBODesc="ASN Hub" ILBOType="2" DefaultTabName="" PageNames="mainpage;" NoOfPages="1" AppStateControl="hdnappstate_control" InitService="" LinkPublished="false" FetchService="" ClientExtension="true" InlineTab="false" BaseArtifact="true">
    <Page PageName="mainpage" NoOfControls="2" ControlNames="_cbo_reportformat;hdnappstate_control;" NoOfNewControls="2" NewControlNames="_cbo_reportformat;hdnappstate_control;" NoOfBaseControls="58" BaseControlNames="cmbasn_equipmenttype_hdr;cmbasn_primaryrefdoctype;cmbasn_reporton_btn;cmbasn_status;cmbasn_vehicletype_hdr;cmblocation;dspdescription;hdnasn_hidden_1;hdnctxt_language;hdnctxt_ouinstance;hdnctxt_role;hdnctxt_service;hdnctxt_user;hdnguid;hdnhdnbu;hdnhdncc;hdnhdncsouinstance;hdnhdnguid;hdnhdnhiddencontrol1;hdnhdnhiddencontrol2;hdnhdnlo;hdnhdnou;hdnhdnrecloc;hdnhdnsrcloc;hdnhdntimestamp;hdnhiddencontrol1;hdnhiddencontrol2;hdnhiddencontrol3;hdnhiddencontrol4;hdnhiddencontrol5;hdnoucodehide;hdnprj_hdn_ctrl;hdnsrccompcode;hdntxtdtformat;hdntxtdtformatinthide;hdntxttimestamp;mlasn_cards;mlasn_details;txtas_deliverydate_hdr;txtasn_asndatefrom;txtasn_asndateto;txtasn_asnnofrom;txtasn_asnnoto;txtasn_customercode;txtasn_customername;txtasn_equipmentnumber_hdr;txtasn_inboundorderdatefrom;txtasn_inboundorderdateto;txtasn_inboundordernofrom;txtasn_inboundordernoto;txtasn_primaryrefdocdatefromhdr;txtasn_primaryrefdocnofrom;txtasn_primaryrefdocnoto;txtasn_vehiclenumber_hdr;txtasn_vendorcode;txtasn_vendorname;txtcarriername_asn_hdr;txtvendorasnno_asn_hdr;" DisplayURL="" BaseArtifact="true">
        <LayoutControl ControlType="RSButton" ControlName="_rbt_btnprint" BaseArtifact="false" />
        <LayoutControl ControlType="Section" ControlName="_stcontrol_sec" BaseArtifact="false" />
        <Control ControlName="_cbo_reportformat" ControlType="RSCombo" BaseArtifact="false">
            <ViewInfo ViewName="_cbo_reportformat" Visible="true" DataType="char" HelpView="" PrecisionValue="" BaseArtifact="false" />
            <ViewInfo ViewName="hdvreport_format_hdn" Visible="false" DataType="char" HelpView="" PrecisionValue="" BaseArtifact="false" />
        </Control>
        <Control ControlName="hdnappstate_control" ControlType="RSEdit" BaseArtifact="false">
            <ViewInfo ViewName="hdnappstate_control" Visible="false" DataType="char" HelpView="" PrecisionValue="" BaseArtifact="false" />
        </Control>
    </Page>
    <Task Name="wma_asnhubmainpgprintre" Type="REPORT" TaskDesc="Print" ReportName="Asn_Format_Report" RCTaskData="" RMTaskData="_cbo_reportformat;cmbasn_equipmenttype_hdr;cmbasn_primaryrefdoctype;cmbasn_reporton_btn;cmbasn_status;cmbasn_vehicletype_hdr;cmblocation;dspdescription;hdnasn_hidden_1;hdnguid;hdnhdnbu;hdnhdncc;hdnhdncsouinstance;hdnhdnguid;hdnhdnhiddencontrol1;hdnhdnhiddencontrol2;hdnhdnlo;hdnhdnou;hdnhdnrecloc;hdnhdnsrcloc;hdnhdntimestamp;hdnhiddencontrol1;hdnhiddencontrol2;hdnhiddencontrol3;hdnhiddencontrol4;hdnhiddencontrol5;hdnoucodehide;hdnprj_hdn_ctrl;hdnsrccompcode;hdntxtdtformat;hdntxtdtformatinthide;hdntxttimestamp;txtas_deliverydate_hdr;txtasn_asndatefrom;txtasn_asndateto;txtasn_asnnofrom;txtasn_asnnoto;txtasn_customercode;txtasn_customername;txtasn_equipmentnumber_hdr;txtasn_inboundorderdatefrom;txtasn_inboundorderdateto;txtasn_inboundordernofrom;txtasn_inboundordernoto;txtasn_primaryrefdocdatefromhdr;txtasn_primaryrefdocnofrom;txtasn_primaryrefdocnoto;txtasn_vehiclenumber_hdr;txtasn_vendorcode;txtasn_vendorname;txtcarriername_asn_hdr;txtvendorasnno_asn_hdr;" DirtyTabs="" ServiceName="wma_asnhubmainpgprintresr" LinkID="" PostHelpTask="" PostLinkTask="" DataSavingTask="0" BaseArtifact="false" />
    <Task Name="wma_asnhubmainpgrfui" Type="UI" TaskDesc="UI Task For the Control _ReportFormat" ReportName="" RCTaskData="" RMTaskData="_cbo_reportformat;cmbasn_equipmenttype_hdr;cmbasn_primaryrefdoctype;cmbasn_reporton_btn;cmbasn_status;cmbasn_vehicletype_hdr;cmblocation;dspdescription;hdnasn_hidden_1;hdnguid;hdnhdnbu;hdnhdncc;hdnhdncsouinstance;hdnhdnguid;hdnhdnhiddencontrol1;hdnhdnhiddencontrol2;hdnhdnlo;hdnhdnou;hdnhdnrecloc;hdnhdnsrcloc;hdnhdntimestamp;hdnhiddencontrol1;hdnhiddencontrol2;hdnhiddencontrol3;hdnhiddencontrol4;hdnhiddencontrol5;hdnoucodehide;hdnprj_hdn_ctrl;hdnsrccompcode;hdntxtdtformat;hdntxtdtformatinthide;hdntxttimestamp;txtas_deliverydate_hdr;txtasn_asndatefrom;txtasn_asndateto;txtasn_asnnofrom;txtasn_asnnoto;txtasn_customercode;txtasn_customername;txtasn_equipmentnumber_hdr;txtasn_inboundorderdatefrom;txtasn_inboundorderdateto;txtasn_inboundordernofrom;txtasn_inboundordernoto;txtasn_primaryrefdocdatefromhdr;txtasn_primaryrefdocnofrom;txtasn_primaryrefdocnoto;txtasn_vehiclenumber_hdr;txtasn_vendorcode;txtasn_vendorname;txtcarriername_asn_hdr;txtvendorasnno_asn_hdr;" DirtyTabs="" ServiceName="wma_asnhubmainpgrfuisr" LinkID="" PostHelpTask="" PostLinkTask="" DataSavingTask="0" BaseArtifact="false" />
    <Task Name="wma_main52fth" Type="FETCH" TaskDesc="Default Fetch" ReportName="" RCTaskData="" RMTaskData="hdnappstate_control;" DirtyTabs="" ServiceName="" LinkID="" PostHelpTask="" PostLinkTask="" DataSavingTask="0" BaseArtifact="true" />
    <Task Name="wma_main52init" Type="INITIALIZE" TaskDesc="Initialize" ReportName="" RCTaskData="_cbo_reportformat;" RMTaskData="" DirtyTabs="" ServiceName="" LinkID="" PostHelpTask="" PostLinkTask="" DataSavingTask="0" BaseArtifact="true" />
    <Report Name="asn_format_print" RPTType="PDF" RPTContext="asn_format_print" BaseArtifact="false" />
    <Report Name="asn_format_report" RPTType="PDF" RPTContext="Asn_Format_Report" BaseArtifact="false" />
    <Report Name="asn_worksheet_rpt" RPTType="PDF" RPTContext="ASN_Worksheet_rpt" BaseArtifact="false" />
    <Report Name="pack_list_sp_rpt" RPTType="CRYSTAL" RPTContext="pack_list_sp_rpt" BaseArtifact="false" />
    <Report Name="vertz_collate_sheet_rpt" RPTType="CRYSTAL" RPTContext="vertz_collate_sheet_rpt" BaseArtifact="false" />
    <Report Name="vertz_loading_rpt" RPTType="CRYSTAL" RPTContext="vertz_loading_rpt" BaseArtifact="false" />
    <Report Name="vertz_unloading_rpt" RPTType="CRYSTAL" RPTContext="vertz_unloading_rpt" BaseArtifact="false" />
    <Service Name="wma_asnhb_sr_fet" ComponentName="wmactivity" NoOfSegments="1" SegmentNames="_hseg;" TransactionScope="0" BaseArtifact="true">
        <Segment Name="_hseg" SeqNo="2" MultiInstance="0" FlowDirection="2" bFilling="false" NoOfDIs="1" DINames="hdnappstate_control;" BaseArtifact="true">
            <DataItem Name="hdnappstate_control" FlowDirection="1" ControlName="hdnappstate_control" ViewName="hdnappstate_control" PrecisionType="" BaseArtifact="false" />
        </Segment>
    </Service>
    <Service Name="wma_asnhb_sr_init" ComponentName="wmactivity" NoOfSegments="1" SegmentNames="rpt_name_seg;" TransactionScope="0" BaseArtifact="true">
        <Segment Name="rpt_name_seg" SeqNo="1" MultiInstance="1" FlowDirection="1" bFilling="true" NoOfDIs="2" DINames="_reportformat;report_format_hdn;" BaseArtifact="false">
            <DataItem Name="_reportformat" FlowDirection="1" ControlName="_cbo_reportformat" ViewName="_cbo_reportformat" PrecisionType="" BaseArtifact="false" />
            <DataItem Name="report_format_hdn" FlowDirection="1" ControlName="_cbo_reportformat" ViewName="hdvreport_format_hdn" PrecisionType="" BaseArtifact="false" />
        </Segment>
    </Service>
    <Service Name="wma_asnhubmainpgprintresr" ComponentName="wmactivity" NoOfSegments="3" SegmentNames="_hseg;_sav;asn_casav;" TransactionScope="2" BaseArtifact="false">
        <Segment Name="_hseg" SeqNo="1" MultiInstance="0" FlowDirection="2" bFilling="false" NoOfDIs="53" DINames="_reportformat;asn_asndatefrom;asn_asndateto;asn_asnnofrom;asn_asnnoto;asn_customercode;asn_customername;asn_equipmentnumber_hdr;asn_equipmenttype_hdr;asn_hidden_1;asn_hub_deliverydate_hdr;asn_inboundorderdatefrom;asn_inboundorderdateto;asn_inboundordernofrom;asn_inboundordernoto;asn_primaryrefdocdatefromhdr;asn_primaryrefdocnofrom;asn_primaryrefdocnoto;asn_primaryrefdoctype;asn_reporton_btn;asn_status;asn_vehiclenumber_hdr;asn_vehicletype_hdr;asn_vendorcode;asn_vendorname;carriername_asn_hdr;description;guid;hdnbu;hdncc;hdncsouinstance;hdnguid;hdnhiddencontrol1;hdnhiddencontrol2;hdnlo;hdnou;hdnrecloc;hdnsrcloc;hdntimestamp;hiddencontrol1;hiddencontrol2;hiddencontrol3;hiddencontrol4;hiddencontrol5;location;oucodehide;prj_hdn_ctrl;report_format_hdn;srccompcode;txtdtformat;txtdtformatinthide;txttimestamp;vendorasnno_asn_hdr;" BaseArtifact="false">
            <DataItem Name="_reportformat" FlowDirection="2" ControlName="_cbo_reportformat" ViewName="_cbo_reportformat" PrecisionType="" BaseArtifact="false" />
            <DataItem Name="asn_asndatefrom" FlowDirection="2" ControlName="txtasn_asndatefrom" ViewName="txtasn_asndatefrom" PrecisionType="" BaseArtifact="false" />
            <DataItem Name="asn_asndateto" FlowDirection="2" ControlName="txtasn_asndateto" ViewName="txtasn_asndateto" PrecisionType="" BaseArtifact="false" />
            <DataItem Name="asn_asnnofrom" FlowDirection="2" ControlName="txtasn_asnnofrom" ViewName="txtasn_asnnofrom" PrecisionType="" BaseArtifact="false" />
            <DataItem Name="asn_asnnoto" FlowDirection="2" ControlName="txtasn_asnnoto" ViewName="txtasn_asnnoto" PrecisionType="" BaseArtifact="false" />
            <DataItem Name="asn_customercode" FlowDirection="2" ControlName="txtasn_customercode" ViewName="txtasn_customercode" PrecisionType="" BaseArtifact="false" />
            <DataItem Name="asn_customername" FlowDirection="2" ControlName="txtasn_customername" ViewName="txtasn_customername" PrecisionType="" BaseArtifact="false" />
            <DataItem Name="asn_equipmentnumber_hdr" FlowDirection="2" ControlName="txtasn_equipmentnumber_hdr" ViewName="txtasn_equipmentnumber_hdr" PrecisionType="" BaseArtifact="false" />
            <DataItem Name="asn_equipmenttype_hdr" FlowDirection="2" ControlName="cmbasn_equipmenttype_hdr" ViewName="cmbasn_equipmenttype_hdr" PrecisionType="" BaseArtifact="false" />
            <DataItem Name="asn_hidden_1" FlowDirection="2" ControlName="hdnasn_hidden_1" ViewName="hdnasn_hidden_1" PrecisionType="" BaseArtifact="false" />
            <DataItem Name="asn_hub_deliverydate_hdr" FlowDirection="2" ControlName="txtas_deliverydate_hdr" ViewName="txtas_deliverydate_hdr" PrecisionType="" BaseArtifact="false" />
            <DataItem Name="asn_inboundorderdatefrom" FlowDirection="2" ControlName="txtasn_inboundorderdatefrom" ViewName="txtasn_inboundorderdatefrom" PrecisionType="" BaseArtifact="false" />
            <DataItem Name="asn_inboundorderdateto" FlowDirection="2" ControlName="txtasn_inboundorderdateto" ViewName="txtasn_inboundorderdateto" PrecisionType="" BaseArtifact="false" />
            <DataItem Name="asn_inboundordernofrom" FlowDirection="2" ControlName="txtasn_inboundordernofrom" ViewName="txtasn_inboundordernofrom" PrecisionType="" BaseArtifact="false" />
            <DataItem Name="asn_inboundordernoto" FlowDirection="2" ControlName="txtasn_inboundordernoto" ViewName="txtasn_inboundordernoto" PrecisionType="" BaseArtifact="false" />
            <DataItem Name="asn_primaryrefdocdatefromhdr" FlowDirection="2" ControlName="txtasn_primaryrefdocdatefromhdr" ViewName="txtasn_primaryrefdocdatefromhdr" PrecisionType="" BaseArtifact="false" />
            <DataItem Name="asn_primaryrefdocnofrom" FlowDirection="2" ControlName="txtasn_primaryrefdocnofrom" ViewName="txtasn_primaryrefdocnofrom" PrecisionType="" BaseArtifact="false" />
            <DataItem Name="asn_primaryrefdocnoto" FlowDirection="2" ControlName="txtasn_primaryrefdocnoto" ViewName="txtasn_primaryrefdocnoto" PrecisionType="" BaseArtifact="false" />
            <DataItem Name="asn_primaryrefdoctype" FlowDirection="2" ControlName="cmbasn_primaryrefdoctype" ViewName="cmbasn_primaryrefdoctype" PrecisionType="" BaseArtifact="false" />
            <DataItem Name="asn_reporton_btn" FlowDirection="2" ControlName="cmbasn_reporton_btn" ViewName="cmbasn_reporton_btn" PrecisionType="" BaseArtifact="false" />
            <DataItem Name="asn_status" FlowDirection="2" ControlName="cmbasn_status" ViewName="cmbasn_status" PrecisionType="" BaseArtifact="false" />
            <DataItem Name="asn_vehiclenumber_hdr" FlowDirection="2" ControlName="txtasn_vehiclenumber_hdr" ViewName="txtasn_vehiclenumber_hdr" PrecisionType="" BaseArtifact="false" />
            <DataItem Name="asn_vehicletype_hdr" FlowDirection="2" ControlName="cmbasn_vehicletype_hdr" ViewName="cmbasn_vehicletype_hdr" PrecisionType="" BaseArtifact="false" />
            <DataItem Name="asn_vendorcode" FlowDirection="2" ControlName="txtasn_vendorcode" ViewName="txtasn_vendorcode" PrecisionType="" BaseArtifact="false" />
            <DataItem Name="asn_vendorname" FlowDirection="2" ControlName="txtasn_vendorname" ViewName="txtasn_vendorname" PrecisionType="" BaseArtifact="false" />
            <DataItem Name="carriername_asn_hdr" FlowDirection="2" ControlName="txtcarriername_asn_hdr" ViewName="txtcarriername_asn_hdr" PrecisionType="" BaseArtifact="false" />
            <DataItem Name="description" FlowDirection="2" ControlName="dspdescription" ViewName="dspdescription" PrecisionType="" BaseArtifact="false" />
            <DataItem Name="guid" FlowDirection="2" ControlName="hdnguid" ViewName="hdnguid" PrecisionType="" BaseArtifact="false" />
            <DataItem Name="hdnbu" FlowDirection="2" ControlName="hdnhdnbu" ViewName="hdnhdnbu" PrecisionType="" BaseArtifact="false" />
            <DataItem Name="hdncc" FlowDirection="2" ControlName="hdnhdncc" ViewName="hdnhdncc" PrecisionType="" BaseArtifact="false" />
            <DataItem Name="hdncsouinstance" FlowDirection="2" ControlName="hdnhdncsouinstance" ViewName="hdnhdncsouinstance" PrecisionType="" BaseArtifact="false" />
            <DataItem Name="hdnguid" FlowDirection="2" ControlName="hdnhdnguid" ViewName="hdnhdnguid" PrecisionType="" BaseArtifact="false" />
            <DataItem Name="hdnhiddencontrol1" FlowDirection="2" ControlName="hdnhdnhiddencontrol1" ViewName="hdnhdnhiddencontrol1" PrecisionType="" BaseArtifact="false" />
            <DataItem Name="hdnhiddencontrol2" FlowDirection="2" ControlName="hdnhdnhiddencontrol2" ViewName="hdnhdnhiddencontrol2" PrecisionType="" BaseArtifact="false" />
            <DataItem Name="hdnlo" FlowDirection="2" ControlName="hdnhdnlo" ViewName="hdnhdnlo" PrecisionType="" BaseArtifact="false" />
            <DataItem Name="hdnou" FlowDirection="2" ControlName="hdnhdnou" ViewName="hdnhdnou" PrecisionType="" BaseArtifact="false" />
            <DataItem Name="hdnrecloc" FlowDirection="2" ControlName="hdnhdnrecloc" ViewName="hdnhdnrecloc" PrecisionType="" BaseArtifact="false" />
            <DataItem Name="hdnsrcloc" FlowDirection="2" ControlName="hdnhdnsrcloc" ViewName="hdnhdnsrcloc" PrecisionType="" BaseArtifact="false" />
            <DataItem Name="hdntimestamp" FlowDirection="2" ControlName="hdnhdntimestamp" ViewName="hdnhdntimestamp" PrecisionType="" BaseArtifact="false" />
            <DataItem Name="hiddencontrol1" FlowDirection="2" ControlName="hdnhiddencontrol1" ViewName="hdnhiddencontrol1" PrecisionType="" BaseArtifact="false" />
            <DataItem Name="hiddencontrol2" FlowDirection="2" ControlName="hdnhiddencontrol2" ViewName="hdnhiddencontrol2" PrecisionType="" BaseArtifact="false" />
            <DataItem Name="hiddencontrol3" FlowDirection="2" ControlName="hdnhiddencontrol3" ViewName="hdnhiddencontrol3" PrecisionType="" BaseArtifact="false" />
            <DataItem Name="hiddencontrol4" FlowDirection="2" ControlName="hdnhiddencontrol4" ViewName="hdnhiddencontrol4" PrecisionType="" BaseArtifact="false" />
            <DataItem Name="hiddencontrol5" FlowDirection="2" ControlName="hdnhiddencontrol5" ViewName="hdnhiddencontrol5" PrecisionType="" BaseArtifact="false" />
            <DataItem Name="location" FlowDirection="2" ControlName="cmblocation" ViewName="cmblocation" PrecisionType="" BaseArtifact="false" />
            <DataItem Name="oucodehide" FlowDirection="2" ControlName="hdnoucodehide" ViewName="hdnoucodehide" PrecisionType="" BaseArtifact="false" />
            <DataItem Name="prj_hdn_ctrl" FlowDirection="2" ControlName="hdnprj_hdn_ctrl" ViewName="hdnprj_hdn_ctrl" PrecisionType="" BaseArtifact="false" />
            <DataItem Name="report_format_hdn" FlowDirection="2" ControlName="_cbo_reportformat" ViewName="hdvreport_format_hdn" PrecisionType="" BaseArtifact="false" />
            <DataItem Name="srccompcode" FlowDirection="2" ControlName="hdnsrccompcode" ViewName="hdnsrccompcode" PrecisionType="" BaseArtifact="false" />
            <DataItem Name="txtdtformat" FlowDirection="2" ControlName="hdntxtdtformat" ViewName="hdntxtdtformat" PrecisionType="" BaseArtifact="false" />
            <DataItem Name="txtdtformatinthide" FlowDirection="2" ControlName="hdntxtdtformatinthide" ViewName="hdntxtdtformatinthide" PrecisionType="" BaseArtifact="false" />
            <DataItem Name="txttimestamp" FlowDirection="2" ControlName="hdntxttimestamp" ViewName="hdntxttimestamp" PrecisionType="" BaseArtifact="false" />
            <DataItem Name="vendorasnno_asn_hdr" FlowDirection="2" ControlName="txtvendorasnno_asn_hdr" ViewName="txtvendorasnno_asn_hdr" PrecisionType="" BaseArtifact="false" />
        </Segment>
        <Segment Name="_sav" SeqNo="2" MultiInstance="1" FlowDirection="0" bFilling="false" NoOfDIs="28" DINames="asn_asndate_ml;asn_asnno_ml;asn_customercode_ml;asn_customeritemcode_ml;asn_customername_ml;asn_expecteddeliverydate_ml;asn_hdn_char_01;asn_hdn_char_02;asn_hdn_char_03;asn_hdn_int_01;asn_hdn_int_02;asn_inboundorderdate_ml;asn_inboundorderno_ml;asn_itemcode_ml;asn_itemdesc_ml;asn_masteruom_ml;asn_orderqty_ml;asn_primaryrefdocno_ml;asn_primaryrefdoctype_ml;asn_status_ml;asn_thuqty_ml;asn_thutype_ml;asn_vendorcode_ml;asn_vendorname_ml;equipmentnumber_asn_ml;equipmenttype_asn_ml;internalnotes_asn_ml;modeflag;" BaseArtifact="false">
            <DataItem Name="asn_asndate_ml" FlowDirection="0" ControlName="mlasn_details" ViewName="2" PrecisionType="" BaseArtifact="false" />
            <DataItem Name="asn_asnno_ml" FlowDirection="0" ControlName="mlasn_details" ViewName="1" PrecisionType="" BaseArtifact="false" />
            <DataItem Name="asn_customercode_ml" FlowDirection="0" ControlName="mlasn_details" ViewName="6" PrecisionType="" BaseArtifact="false" />
            <DataItem Name="asn_customeritemcode_ml" FlowDirection="0" ControlName="mlasn_details" ViewName="14" PrecisionType="" BaseArtifact="false" />
            <DataItem Name="asn_customername_ml" FlowDirection="0" ControlName="mlasn_details" ViewName="7" PrecisionType="" BaseArtifact="false" />
            <DataItem Name="asn_expecteddeliverydate_ml" FlowDirection="0" ControlName="mlasn_details" ViewName="25" PrecisionType="" BaseArtifact="false" />
            <DataItem Name="asn_hdn_char_01" FlowDirection="0" ControlName="mlasn_details" ViewName="17" PrecisionType="" BaseArtifact="false" />
            <DataItem Name="asn_hdn_char_02" FlowDirection="0" ControlName="mlasn_details" ViewName="18" PrecisionType="" BaseArtifact="false" />
            <DataItem Name="asn_hdn_char_03" FlowDirection="0" ControlName="mlasn_details" ViewName="19" PrecisionType="" BaseArtifact="false" />
            <DataItem Name="asn_hdn_int_01" FlowDirection="0" ControlName="mlasn_details" ViewName="20" PrecisionType="" BaseArtifact="false" />
            <DataItem Name="asn_hdn_int_02" FlowDirection="0" ControlName="mlasn_details" ViewName="21" PrecisionType="" BaseArtifact="false" />
            <DataItem Name="asn_inboundorderdate_ml" FlowDirection="0" ControlName="mlasn_details" ViewName="5" PrecisionType="" BaseArtifact="false" />
            <DataItem Name="asn_inboundorderno_ml" FlowDirection="0" ControlName="mlasn_details" ViewName="4" PrecisionType="" BaseArtifact="false" />
            <DataItem Name="asn_itemcode_ml" FlowDirection="0" ControlName="mlasn_details" ViewName="12" PrecisionType="" BaseArtifact="false" />
            <DataItem Name="asn_itemdesc_ml" FlowDirection="0" ControlName="mlasn_details" ViewName="13" PrecisionType="" BaseArtifact="false" />
            <DataItem Name="asn_masteruom_ml" FlowDirection="0" ControlName="mlasn_details" ViewName="16" PrecisionType="" BaseArtifact="false" />
            <DataItem Name="asn_orderqty_ml" FlowDirection="0" ControlName="mlasn_details" ViewName="15" PrecisionType="pwqty" BaseArtifact="false" />
            <DataItem Name="asn_primaryrefdocno_ml" FlowDirection="0" ControlName="mlasn_details" ViewName="9" PrecisionType="" BaseArtifact="false" />
            <DataItem Name="asn_primaryrefdoctype_ml" FlowDirection="0" ControlName="mlasn_details" ViewName="8" PrecisionType="" BaseArtifact="false" />
            <DataItem Name="asn_status_ml" FlowDirection="0" ControlName="mlasn_details" ViewName="3" PrecisionType="" BaseArtifact="false" />
            <DataItem Name="asn_thuqty_ml" FlowDirection="0" ControlName="mlasn_details" ViewName="24" PrecisionType="pwqty" BaseArtifact="false" />
            <DataItem Name="asn_thutype_ml" FlowDirection="0" ControlName="mlasn_details" ViewName="23" PrecisionType="" BaseArtifact="false" />
            <DataItem Name="asn_vendorcode_ml" FlowDirection="0" ControlName="mlasn_details" ViewName="10" PrecisionType="" BaseArtifact="false" />
            <DataItem Name="asn_vendorname_ml" FlowDirection="0" ControlName="mlasn_details" ViewName="11" PrecisionType="" BaseArtifact="false" />
            <DataItem Name="equipmentnumber_asn_ml" FlowDirection="0" ControlName="mlasn_details" ViewName="26" PrecisionType="" BaseArtifact="false" />
            <DataItem Name="equipmenttype_asn_ml" FlowDirection="0" ControlName="mlasn_details" ViewName="27" PrecisionType="" BaseArtifact="false" />
            <DataItem Name="internalnotes_asn_ml" FlowDirection="0" ControlName="mlasn_details" ViewName="22" PrecisionType="" BaseArtifact="false" />
            <DataItem Name="modeflag" FlowDirection="0" ControlName="mlasn_details" ViewName="modeflag" PrecisionType="none" BaseArtifact="false" />
        </Segment>
        <Segment Name="asn_casav" SeqNo="3" MultiInstance="1" FlowDirection="0" bFilling="false" NoOfDIs="2" DINames="all_cards;modeflag;" BaseArtifact="false">
            <DataItem Name="all_cards" FlowDirection="0" ControlName="mlasn_cards" ViewName="1" PrecisionType="" BaseArtifact="false" />
            <DataItem Name="modeflag" FlowDirection="0" ControlName="mlasn_cards" ViewName="modeflag" PrecisionType="none" BaseArtifact="false" />
        </Segment>
    </Service>
    <Service Name="wma_asnhubmainpgrfuisr" ComponentName="wmactivity" NoOfSegments="1" SegmentNames="_hseg;" TransactionScope="2" BaseArtifact="false">
        <Segment Name="_hseg" SeqNo="1" MultiInstance="0" FlowDirection="2" bFilling="false" NoOfDIs="53" DINames="_reportformat;asn_asndatefrom;asn_asndateto;asn_asnnofrom;asn_asnnoto;asn_customercode;asn_customername;asn_equipmentnumber_hdr;asn_equipmenttype_hdr;asn_hidden_1;asn_hub_deliverydate_hdr;asn_inboundorderdatefrom;asn_inboundorderdateto;asn_inboundordernofrom;asn_inboundordernoto;asn_primaryrefdocdatefromhdr;asn_primaryrefdocnofrom;asn_primaryrefdocnoto;asn_primaryrefdoctype;asn_reporton_btn;asn_status;asn_vehiclenumber_hdr;asn_vehicletype_hdr;asn_vendorcode;asn_vendorname;carriername_asn_hdr;description;guid;hdnbu;hdncc;hdncsouinstance;hdnguid;hdnhiddencontrol1;hdnhiddencontrol2;hdnlo;hdnou;hdnrecloc;hdnsrcloc;hdntimestamp;hiddencontrol1;hiddencontrol2;hiddencontrol3;hiddencontrol4;hiddencontrol5;location;oucodehide;prj_hdn_ctrl;report_format_hdn;srccompcode;txtdtformat;txtdtformatinthide;txttimestamp;vendorasnno_asn_hdr;" BaseArtifact="false">
            <DataItem Name="_reportformat" FlowDirection="2" ControlName="_cbo_reportformat" ViewName="_cbo_reportformat" PrecisionType="" BaseArtifact="false" />
            <DataItem Name="asn_asndatefrom" FlowDirection="2" ControlName="txtasn_asndatefrom" ViewName="txtasn_asndatefrom" PrecisionType="" BaseArtifact="false" />
            <DataItem Name="asn_asndateto" FlowDirection="2" ControlName="txtasn_asndateto" ViewName="txtasn_asndateto" PrecisionType="" BaseArtifact="false" />
            <DataItem Name="asn_asnnofrom" FlowDirection="2" ControlName="txtasn_asnnofrom" ViewName="txtasn_asnnofrom" PrecisionType="" BaseArtifact="false" />
            <DataItem Name="asn_asnnoto" FlowDirection="2" ControlName="txtasn_asnnoto" ViewName="txtasn_asnnoto" PrecisionType="" BaseArtifact="false" />
            <DataItem Name="asn_customercode" FlowDirection="2" ControlName="txtasn_customercode" ViewName="txtasn_customercode" PrecisionType="" BaseArtifact="false" />
            <DataItem Name="asn_customername" FlowDirection="2" ControlName="txtasn_customername" ViewName="txtasn_customername" PrecisionType="" BaseArtifact="false" />
            <DataItem Name="asn_equipmentnumber_hdr" FlowDirection="2" ControlName="txtasn_equipmentnumber_hdr" ViewName="txtasn_equipmentnumber_hdr" PrecisionType="" BaseArtifact="false" />
            <DataItem Name="asn_equipmenttype_hdr" FlowDirection="2" ControlName="cmbasn_equipmenttype_hdr" ViewName="cmbasn_equipmenttype_hdr" PrecisionType="" BaseArtifact="false" />
            <DataItem Name="asn_hidden_1" FlowDirection="2" ControlName="hdnasn_hidden_1" ViewName="hdnasn_hidden_1" PrecisionType="" BaseArtifact="false" />
            <DataItem Name="asn_hub_deliverydate_hdr" FlowDirection="2" ControlName="txtas_deliverydate_hdr" ViewName="txtas_deliverydate_hdr" PrecisionType="" BaseArtifact="false" />
            <DataItem Name="asn_inboundorderdatefrom" FlowDirection="2" ControlName="txtasn_inboundorderdatefrom" ViewName="txtasn_inboundorderdatefrom" PrecisionType="" BaseArtifact="false" />
            <DataItem Name="asn_inboundorderdateto" FlowDirection="2" ControlName="txtasn_inboundorderdateto" ViewName="txtasn_inboundorderdateto" PrecisionType="" BaseArtifact="false" />
            <DataItem Name="asn_inboundordernofrom" FlowDirection="2" ControlName="txtasn_inboundordernofrom" ViewName="txtasn_inboundordernofrom" PrecisionType="" BaseArtifact="false" />
            <DataItem Name="asn_inboundordernoto" FlowDirection="2" ControlName="txtasn_inboundordernoto" ViewName="txtasn_inboundordernoto" PrecisionType="" BaseArtifact="false" />
            <DataItem Name="asn_primaryrefdocdatefromhdr" FlowDirection="2" ControlName="txtasn_primaryrefdocdatefromhdr" ViewName="txtasn_primaryrefdocdatefromhdr" PrecisionType="" BaseArtifact="false" />
            <DataItem Name="asn_primaryrefdocnofrom" FlowDirection="2" ControlName="txtasn_primaryrefdocnofrom" ViewName="txtasn_primaryrefdocnofrom" PrecisionType="" BaseArtifact="false" />
            <DataItem Name="asn_primaryrefdocnoto" FlowDirection="2" ControlName="txtasn_primaryrefdocnoto" ViewName="txtasn_primaryrefdocnoto" PrecisionType="" BaseArtifact="false" />
            <DataItem Name="asn_primaryrefdoctype" FlowDirection="2" ControlName="cmbasn_primaryrefdoctype" ViewName="cmbasn_primaryrefdoctype" PrecisionType="" BaseArtifact="false" />
            <DataItem Name="asn_reporton_btn" FlowDirection="2" ControlName="cmbasn_reporton_btn" ViewName="cmbasn_reporton_btn" PrecisionType="" BaseArtifact="false" />
            <DataItem Name="asn_status" FlowDirection="2" ControlName="cmbasn_status" ViewName="cmbasn_status" PrecisionType="" BaseArtifact="false" />
            <DataItem Name="asn_vehiclenumber_hdr" FlowDirection="2" ControlName="txtasn_vehiclenumber_hdr" ViewName="txtasn_vehiclenumber_hdr" PrecisionType="" BaseArtifact="false" />
            <DataItem Name="asn_vehicletype_hdr" FlowDirection="2" ControlName="cmbasn_vehicletype_hdr" ViewName="cmbasn_vehicletype_hdr" PrecisionType="" BaseArtifact="false" />
            <DataItem Name="asn_vendorcode" FlowDirection="2" ControlName="txtasn_vendorcode" ViewName="txtasn_vendorcode" PrecisionType="" BaseArtifact="false" />
            <DataItem Name="asn_vendorname" FlowDirection="2" ControlName="txtasn_vendorname" ViewName="txtasn_vendorname" PrecisionType="" BaseArtifact="false" />
            <DataItem Name="carriername_asn_hdr" FlowDirection="2" ControlName="txtcarriername_asn_hdr" ViewName="txtcarriername_asn_hdr" PrecisionType="" BaseArtifact="false" />
            <DataItem Name="description" FlowDirection="2" ControlName="dspdescription" ViewName="dspdescription" PrecisionType="" BaseArtifact="false" />
            <DataItem Name="guid" FlowDirection="2" ControlName="hdnguid" ViewName="hdnguid" PrecisionType="" BaseArtifact="false" />
            <DataItem Name="hdnbu" FlowDirection="2" ControlName="hdnhdnbu" ViewName="hdnhdnbu" PrecisionType="" BaseArtifact="false" />
            <DataItem Name="hdncc" FlowDirection="2" ControlName="hdnhdncc" ViewName="hdnhdncc" PrecisionType="" BaseArtifact="false" />
            <DataItem Name="hdncsouinstance" FlowDirection="2" ControlName="hdnhdncsouinstance" ViewName="hdnhdncsouinstance" PrecisionType="" BaseArtifact="false" />
            <DataItem Name="hdnguid" FlowDirection="2" ControlName="hdnhdnguid" ViewName="hdnhdnguid" PrecisionType="" BaseArtifact="false" />
            <DataItem Name="hdnhiddencontrol1" FlowDirection="2" ControlName="hdnhdnhiddencontrol1" ViewName="hdnhdnhiddencontrol1" PrecisionType="" BaseArtifact="false" />
            <DataItem Name="hdnhiddencontrol2" FlowDirection="2" ControlName="hdnhdnhiddencontrol2" ViewName="hdnhdnhiddencontrol2" PrecisionType="" BaseArtifact="false" />
            <DataItem Name="hdnlo" FlowDirection="2" ControlName="hdnhdnlo" ViewName="hdnhdnlo" PrecisionType="" BaseArtifact="false" />
            <DataItem Name="hdnou" FlowDirection="2" ControlName="hdnhdnou" ViewName="hdnhdnou" PrecisionType="" BaseArtifact="false" />
            <DataItem Name="hdnrecloc" FlowDirection="2" ControlName="hdnhdnrecloc" ViewName="hdnhdnrecloc" PrecisionType="" BaseArtifact="false" />
            <DataItem Name="hdnsrcloc" FlowDirection="2" ControlName="hdnhdnsrcloc" ViewName="hdnhdnsrcloc" PrecisionType="" BaseArtifact="false" />
            <DataItem Name="hdntimestamp" FlowDirection="2" ControlName="hdnhdntimestamp" ViewName="hdnhdntimestamp" PrecisionType="" BaseArtifact="false" />
            <DataItem Name="hiddencontrol1" FlowDirection="2" ControlName="hdnhiddencontrol1" ViewName="hdnhiddencontrol1" PrecisionType="" BaseArtifact="false" />
            <DataItem Name="hiddencontrol2" FlowDirection="2" ControlName="hdnhiddencontrol2" ViewName="hdnhiddencontrol2" PrecisionType="" BaseArtifact="false" />
            <DataItem Name="hiddencontrol3" FlowDirection="2" ControlName="hdnhiddencontrol3" ViewName="hdnhiddencontrol3" PrecisionType="" BaseArtifact="false" />
            <DataItem Name="hiddencontrol4" FlowDirection="2" ControlName="hdnhiddencontrol4" ViewName="hdnhiddencontrol4" PrecisionType="" BaseArtifact="false" />
            <DataItem Name="hiddencontrol5" FlowDirection="2" ControlName="hdnhiddencontrol5" ViewName="hdnhiddencontrol5" PrecisionType="" BaseArtifact="false" />
            <DataItem Name="location" FlowDirection="2" ControlName="cmblocation" ViewName="cmblocation" PrecisionType="" BaseArtifact="false" />
            <DataItem Name="oucodehide" FlowDirection="2" ControlName="hdnoucodehide" ViewName="hdnoucodehide" PrecisionType="" BaseArtifact="false" />
            <DataItem Name="prj_hdn_ctrl" FlowDirection="2" ControlName="hdnprj_hdn_ctrl" ViewName="hdnprj_hdn_ctrl" PrecisionType="" BaseArtifact="false" />
            <DataItem Name="report_format_hdn" FlowDirection="2" ControlName="_cbo_reportformat" ViewName="hdvreport_format_hdn" PrecisionType="" BaseArtifact="false" />
            <DataItem Name="srccompcode" FlowDirection="2" ControlName="hdnsrccompcode" ViewName="hdnsrccompcode" PrecisionType="" BaseArtifact="false" />
            <DataItem Name="txtdtformat" FlowDirection="2" ControlName="hdntxtdtformat" ViewName="hdntxtdtformat" PrecisionType="" BaseArtifact="false" />
            <DataItem Name="txtdtformatinthide" FlowDirection="2" ControlName="hdntxtdtformatinthide" ViewName="hdntxtdtformatinthide" PrecisionType="" BaseArtifact="false" />
            <DataItem Name="txttimestamp" FlowDirection="2" ControlName="hdntxttimestamp" ViewName="hdntxttimestamp" PrecisionType="" BaseArtifact="false" />
            <DataItem Name="vendorasnno_asn_hdr" FlowDirection="2" ControlName="txtvendorasnno_asn_hdr" ViewName="txtvendorasnno_asn_hdr" PrecisionType="" BaseArtifact="false" />
        </Segment>
    </Service>
    <VerInfo>
        <Date>2018-05-02T05:45:21</Date>
        <Author>Runtime</Author>
        <ModelInfo>iEDK</ModelInfo>
        <Version>2.2</Version>
    </VerInfo>
</RVWILBO>
