<RVWILBO ComponentName="WMACTIVITY" ComponentDesc="WMActivity" ActivityName="wm_asnact" ActivityDesc="ASN" ILBOName="wm_asnmain" ILBODesc="ASN" ILBOType="3" DefaultTabName="" PageNames="mainpage;" NoOfPages="1" AppStateControl="hdnappstate_control" InitService="" LinkPublished="false" FetchService="" ClientExtension="true" InlineTab="false" BaseArtifact="true">
    <Page PageName="mainpage" NoOfControls="1" ControlNames="hdnappstate_control;" NoOfNewControls="1" NewControlNames="hdnappstate_control;" NoOfBaseControls="106" BaseControlNames="cmbasn_asnsentby;cmbasn_blockingstage;cmbasn_containertype;cmbasn_equipmenttype;cmbasn_location;cmbasn_modeoftransport;cmbasn_quarantinestatus;cmbasn_quarantinetype;cmbasn_refdoctype;cmbasn_vehicletype;cmbdocno_asn_hdr;cmbprimaryrefdoctype;dspasn_createdby;dspasn_createdtime;dspasn_customer_name;dspasn_locdesc;dspasn_modifiedby;dspasn_modifiedtime;dspasn_supplier_name;dspasnstatus;hdnasn_csouinstace;hdnasn_guid;hdnasn_hdnctrl1;hdnasn_hdnctrl10;hdnasn_hdnctrl11;hdnasn_hdnctrl12;hdnasn_hdnctrl13;hdnasn_hdnctrl14;hdnasn_hdnctrl15;hdnasn_hdnctrl2;hdnasn_hdnctrl3;hdnasn_hdnctrl4;hdnasn_hdnctrl5;hdnasn_hdnctrl6;hdnasn_hdnctrl7;hdnasn_hdnctrl8;hdnasn_hdnctrl9;hdnasn_hidden_new1;hdnasn_tranou;hdnasn_trantype;hdnasn_userdefined1;hdnasn_userdefined2;hdnasn_userdefined3;hdnctxt_language;hdnctxt_ouinstance;hdnctxt_role;hdnctxt_service;hdnctxt_user;hdnguid;hdnhdnbu;hdnhdncc;hdnhdncsouinstance;hdnhdnguid;hdnhdnhiddencontrol1;hdnhdnhiddencontrol2;hdnhdnlo;hdnhdnou;hdnhdnrecloc;hdnhdnsrcloc;hdnhdntimestamp;hdnhiddencontrol1;hdnhiddencontrol2;hdnhiddencontrol3;hdnhiddencontrol4;hdnhiddencontrol5;hdnoucodehide;hdnprj_hdn_ctrl;hdnsrccompcode;hdntxtdtformat;hdntxtdtformatinthide;hdntxttimestamp;internalnotes_asn_hdr;mlasn_pop_ml;mlitemdetailsml;txtasn_asndtlsremarks;txtasn_carriername;txtasn_containerno;txtasn_customer_code;txtasn_deliverydate;txtasn_deliverylocation;txtasn_equipmentno;txtasn_gatepassno_hdr;txtasn_grossweight;txtasn_inboundorder;txtasn_netweight;txtasn_noofpallets;txtasn_refdocdate;txtasn_refdocno;txtasn_releaseby;txtasn_releasedate;txtasn_releasenumber;txtasn_shipdtlsremarks;txtasn_shipfrom;txtasn_shippingdate;txtasn_supplier_code;txtasn_supplierasndate;txtasn_supplierasnno;txtasn_vehicleno;txtasn_volume;txtasn_volumeuom;txtasn_weightuom;txtasndate;txtasnno;txtprimaryrefdocdate;txtprimaryrefdocno;txttotalvalue_asn_hdr;" DisplayURL="" BaseArtifact="true">
        <LayoutControl ControlType="Section" ControlName="_printsection" BaseArtifact="false" />
        <LayoutControl ControlType="RSButton" ControlName="_rbtprint" BaseArtifact="false" />
        <LayoutControl ControlType="Section" ControlName="_stcontrol_sec" BaseArtifact="false" />
        <Control ControlName="hdnappstate_control" ControlType="RSEdit" BaseArtifact="false">
            <ViewInfo ViewName="hdnappstate_control" Visible="false" DataType="char" HelpView="" PrecisionValue="" BaseArtifact="false" />
        </Control>
    </Page>
    <Task Name="wma_asnmainpgptre" Type="REPORT" TaskDesc="Print" ReportName="asn_format_print" RCTaskData="" RMTaskData="cmbdocno_asn_hdr;cmbprimaryrefdoctype;txtasn_customer_code;txtasndate;txtasnno;txtprimaryrefdocdate;txtprimaryrefdocno;" DirtyTabs="" ServiceName="wma_asnmainpgptresr" LinkID="" PostHelpTask="" PostLinkTask="" DataSavingTask="0" BaseArtifact="false" />
    <Task Name="wmamainsefth" Type="FETCH" TaskDesc="Default Fetch" ReportName="" RCTaskData="" RMTaskData="hdnappstate_control;" DirtyTabs="" ServiceName="" LinkID="" PostHelpTask="" PostLinkTask="" DataSavingTask="0" BaseArtifact="true" />
    <Report Name="asn_format_print" RPTType="PDF" RPTContext="asn_format_print" BaseArtifact="false" />
    <Report Name="asn_format_report" RPTType="PDF" RPTContext="Asn_Format_Report" BaseArtifact="false" />
    <Report Name="asn_worksheet_rpt" RPTType="PDF" RPTContext="ASN_Worksheet_rpt" BaseArtifact="false" />
    <Report Name="pack_list_sp_rpt" RPTType="CRYSTAL" RPTContext="pack_list_sp_rpt" BaseArtifact="false" />
    <Report Name="vertz_collate_sheet_rpt" RPTType="CRYSTAL" RPTContext="vertz_collate_sheet_rpt" BaseArtifact="false" />
    <Report Name="vertz_loading_rpt" RPTType="CRYSTAL" RPTContext="vertz_loading_rpt" BaseArtifact="false" />
    <Report Name="vertz_unloading_rpt" RPTType="CRYSTAL" RPTContext="vertz_unloading_rpt" BaseArtifact="false" />
    <Service Name="wma_asn_sr_fet" ComponentName="wmactivity" NoOfSegments="1" SegmentNames="_hseg;" TransactionScope="0" BaseArtifact="true">
        <Segment Name="_hseg" SeqNo="2" MultiInstance="0" FlowDirection="2" bFilling="false" NoOfDIs="1" DINames="hdnappstate_control;" BaseArtifact="true">
            <DataItem Name="hdnappstate_control" FlowDirection="1" ControlName="hdnappstate_control" ViewName="hdnappstate_control" PrecisionType="" BaseArtifact="false" />
        </Segment>
    </Service>
    <Service Name="wma_asnmainpgptresr" ComponentName="wmactivity" NoOfSegments="1" SegmentNames="_hseg;" TransactionScope="2" BaseArtifact="false">
        <Segment Name="_hseg" SeqNo="1" MultiInstance="0" FlowDirection="2" bFilling="false" NoOfDIs="7" DINames="asn_customer_code;asndate;asnno;docno_asn_hdr;primaryrefdocdate;primaryrefdocno;primaryrefdoctype;" BaseArtifact="false">
            <DataItem Name="asn_customer_code" FlowDirection="2" ControlName="txtasn_customer_code" ViewName="txtasn_customer_code" PrecisionType="" BaseArtifact="false" />
            <DataItem Name="asndate" FlowDirection="2" ControlName="txtasndate" ViewName="txtasndate" PrecisionType="" BaseArtifact="false" />
            <DataItem Name="asnno" FlowDirection="2" ControlName="txtasnno" ViewName="txtasnno" PrecisionType="" BaseArtifact="false" />
            <DataItem Name="docno_asn_hdr" FlowDirection="2" ControlName="cmbdocno_asn_hdr" ViewName="cmbdocno_asn_hdr" PrecisionType="" BaseArtifact="false" />
            <DataItem Name="primaryrefdocdate" FlowDirection="2" ControlName="txtprimaryrefdocdate" ViewName="txtprimaryrefdocdate" PrecisionType="" BaseArtifact="false" />
            <DataItem Name="primaryrefdocno" FlowDirection="2" ControlName="txtprimaryrefdocno" ViewName="txtprimaryrefdocno" PrecisionType="" BaseArtifact="false" />
            <DataItem Name="primaryrefdoctype" FlowDirection="2" ControlName="cmbprimaryrefdoctype" ViewName="cmbprimaryrefdoctype" PrecisionType="" BaseArtifact="false" />
        </Segment>
    </Service>
    <VerInfo>
        <Date>2018-04-26T05:28:05</Date>
        <Author>Runtime</Author>
        <ModelInfo>iEDK</ModelInfo>
        <Version>2.2</Version>
    </VerInfo>
</RVWILBO>
