﻿<ie>
    <e t="ic" sn="SECTION_[MAINSCREEN]_ASN_AMENDBTNSEC">
        <c rn="1" cn="1" w="16%" rseq="1">
            <table>
                <tr>
                    <td id="span__frfiller2" type="filler" />
                </tr>
            </table>
        </c>
        <c rn="1" cn="2" w="16%" rseq="0">
            <table>
                <tr>
                    <td id="span__frfiller3" type="filler" />
                </tr>
            </table>
        </c>
        <c rn="1" cn="3" w="16%" rseq="0">
            <table id="lbl_cbo_reportformat" name="lbl_cbo_reportformat" width="100%" cellpadding="0" cellspacing="0" valign="top" type="label" style="display:none" btsynonym="lbl_cbo_reportformat">
                <tr>
                    <td nowrap="true" class="x-form-field" type="label" />
                </tr>
            </table>
        </c>
        <c rn="1" cn="4" w="16%" rseq="0">
            <div id="span__cbo_reportformat" style="width:100%" class="x-form-con-combo" dtype="char" uievent="wma_asnhubmainpgrfui" type="combo" caption="Report Format" size="0" />
        </c>
        <c rn="1" cn="5" w="16%" rseq="0">
            <div id="span__rbt_btnprint" eventname="wma_asnhubmainpgprintre" eventtype="report" btsynonym="_rbt_btnprint" caption="Print" align="center" />
        </c>
    </e>
    <e t="is" ps="highlevelsection">
        <c rn="8" cn="1" rseq="0">
            <div id="SPAN_SECTION_[MAINSCREEN]__STCONTROL_SEC" showborder="false" />
            <table id="SECTION_[MAINSCREEN]__STCONTROL_SEC" name="SECTION_[MAINSCREEN]__STCONTROL_SEC" width="100%" valign="top" cellpadding="0" cellspacing="0" type="section" btsynonym="_stcontrol_sec">
                <tr id="_STCONTROL_SEC_SECTION_ROW_008">
                    <td id="_STCONTROL_SEC_SECTION_ROW_001_COL_001" width="50%" align="left">
                        <div id="span_hdnappstate_control" style="display:none" class="x-form-con-edit" maxlength="0" dtype="integer" type="edit" size="0" />
                    </td>
                </tr>
            </table>
        </c>
    </e>
</ie>