﻿<ie>
    <e t="is" ps="highlevelsection">
        <c rn="7" cn="1" rseq="0">
            <div id="SPAN_SECTION_[MAINSCREEN]__PRINTSECTION" showborder="false" />
            <table id="SECTION_[MAINSCREEN]__PRINTSECTION" name="SECTION_[MAINSCREEN]__PRINTSECTION" width="100%" valign="top" cellpadding="0" cellspacing="0" type="section" btsynonym="_printsection">
                <tr id="_PRINTSECTION_SECTION_ROW_007">
                    <td id="_PRINTSECTION_SECTION_ROW_001_COL_001" width="20%" align="left">
                        <table>
                            <tr>
                                <td id="span__frfill" type="filler" />
                            </tr>
                        </table>
                    </td>
                    <td id="_PRINTSECTION_SECTION_ROW_001_COL_002" width="20%" align="left">
                        <table>
                            <tr>
                                <td id="span__frfill1" type="filler" />
                            </tr>
                        </table>
                    </td>
                    <td id="_PRINTSECTION_SECTION_ROW_001_COL_003" width="20%" align="left">
                        <div id="span__rbtprint" eventname="wma_asnmainpgptre" eventtype="report" btsynonym="_rbtprint" caption="Print" align="center" />
                    </td>
                    <td id="_PRINTSECTION_SECTION_ROW_001_COL_004" width="20%" align="left">
                        <table>
                            <tr>
                                <td id="span__frfill2" type="filler" />
                            </tr>
                        </table>
                    </td>
                    <td id="_PRINTSECTION_SECTION_ROW_001_COL_005" width="20%" align="left">
                        <table>
                            <tr>
                                <td id="span__frfill3" type="filler" />
                            </tr>
                        </table>
                    </td>
                </tr>
            </table>
        </c>
    </e>
    <e t="is" ps="highlevelsection">
        <c rn="8" cn="1" rseq="0">
            <div id="SPAN_SECTION_[MAINSCREEN]__STCONTROL_SEC" showborder="false" />
            <table id="SECTION_[MAINSCREEN]__STCONTROL_SEC" name="SECTION_[MAINSCREEN]__STCONTROL_SEC" width="100%" valign="top" cellpadding="0" cellspacing="0" type="section" btsynonym="_stcontrol_sec">
                <tr id="_STCONTROL_SEC_SECTION_ROW_008">
                    <td id="_STCONTROL_SEC_SECTION_ROW_001_COL_001" width="50%" align="left">
                        <div id="span_hdnappstate_control" style="display:none" class="x-form-con-edit" maxlength="0" dtype="integer" type="edit" size="0" />
                    </td>
                </tr>
            </table>
        </c>
    </e>
</ie>