<RvwService serviceName="lgr_dipmainpgrtuisr" serviceType="1" inSegs="" outSegs="errordetails;culod;pulod;rtlod;divlod;lolod;" ioSegs="_hseg;" scSegs="" inSegCnt="0" outSegCnt="5" scSegCnt="0" psCnt="5" ioSegCnt="1" dataSegs="culod;pulod;rtlod;divlod;lolod;_hseg;" segCnt="6">
    <PS sectionType="0" seqNo="1" controlExpressionEval="false" controlExpression="" loopingStyle="0" loopCausingSegment="" ceInstDepFlag="0" brsCnt="1" sectionName="hdrsave">
        <BR seqNo="1" cSeqNo="0" executionMode="2" baseArtifact="false" isMethod="1" progID="" methodName="lgr_diprtuihdrsav" integServiceName="" controlExpressionEval="false" controlExpression="" executionFlag="1" loopSegment="" modeFlagExpression="" methodID="0" accessesDatabase="1" systemGenerated="1" broName="" ceInstDepFlag="0" spName="lgr_diprtuihdrsav" disable="false" operationType="1" spErrorProtocol="0" brppCnt="12" brlpCnt="0">
            <PP physicalParameterName="_customer" seqNo="1" isCompoundParam="1" flowDirection="0" dataSegmentName="_hseg" dataItemName="_customer" spParameterType="CHAR" />
            <PP physicalParameterName="_datefrom" seqNo="2" isCompoundParam="1" flowDirection="0" dataSegmentName="_hseg" dataItemName="_datefrom" spParameterType="DATE" />
            <PP physicalParameterName="_dateto" seqNo="3" isCompoundParam="1" flowDirection="0" dataSegmentName="_hseg" dataItemName="_dateto" spParameterType="DATE" />
            <PP physicalParameterName="_division" seqNo="4" isCompoundParam="1" flowDirection="0" dataSegmentName="_hseg" dataItemName="_division" spParameterType="CHAR" />
            <PP physicalParameterName="_location" seqNo="5" isCompoundParam="1" flowDirection="0" dataSegmentName="_hseg" dataItemName="_location" spParameterType="CHAR" />
            <PP physicalParameterName="_purpose" seqNo="6" isCompoundParam="1" flowDirection="0" dataSegmentName="_hseg" dataItemName="_purpose" spParameterType="CHAR" />
            <PP physicalParameterName="_report_type" seqNo="7" isCompoundParam="1" flowDirection="0" dataSegmentName="_hseg" dataItemName="_report_type" spParameterType="CHAR" />
            <PP physicalParameterName="ctxt_language" seqNo="8" isCompoundParam="1" flowDirection="0" dataSegmentName="fw_context" dataItemName="language" spParameterType="INTEGER" />
            <PP physicalParameterName="ctxt_ouinstance" seqNo="9" isCompoundParam="1" flowDirection="0" dataSegmentName="fw_context" dataItemName="ouinstance" spParameterType="INTEGER" />
            <PP physicalParameterName="ctxt_role" seqNo="10" isCompoundParam="1" flowDirection="0" dataSegmentName="fw_context" dataItemName="role" spParameterType="CHAR" />
            <PP physicalParameterName="ctxt_service" seqNo="11" isCompoundParam="1" flowDirection="0" dataSegmentName="fw_context" dataItemName="service" spParameterType="CHAR" />
            <PP physicalParameterName="ctxt_user" seqNo="12" isCompoundParam="1" flowDirection="0" dataSegmentName="fw_context" dataItemName="user" spParameterType="CHAR" />
        </BR>
    </PS>
    <PS sectionType="0" seqNo="3" controlExpressionEval="false" controlExpression="" loopingStyle="0" loopCausingSegment="" ceInstDepFlag="0" brsCnt="1" sectionName="hdrcheck">
        <BR seqNo="1" cSeqNo="0" executionMode="2" baseArtifact="false" isMethod="1" progID="" methodName="lgr_diprtuihdrchk" integServiceName="" controlExpressionEval="false" controlExpression="" executionFlag="1" loopSegment="" modeFlagExpression="" methodID="0" accessesDatabase="1" systemGenerated="1" broName="" ceInstDepFlag="0" spName="lgr_diprtuihdrchk" disable="false" operationType="0" spErrorProtocol="0" brppCnt="12" brlpCnt="0">
            <PP physicalParameterName="_customer" seqNo="1" isCompoundParam="1" flowDirection="0" dataSegmentName="_hseg" dataItemName="_customer" spParameterType="CHAR" />
            <PP physicalParameterName="_datefrom" seqNo="2" isCompoundParam="1" flowDirection="0" dataSegmentName="_hseg" dataItemName="_datefrom" spParameterType="DATE" />
            <PP physicalParameterName="_dateto" seqNo="3" isCompoundParam="1" flowDirection="0" dataSegmentName="_hseg" dataItemName="_dateto" spParameterType="DATE" />
            <PP physicalParameterName="_division" seqNo="4" isCompoundParam="1" flowDirection="0" dataSegmentName="_hseg" dataItemName="_division" spParameterType="CHAR" />
            <PP physicalParameterName="_location" seqNo="5" isCompoundParam="1" flowDirection="0" dataSegmentName="_hseg" dataItemName="_location" spParameterType="CHAR" />
            <PP physicalParameterName="_purpose" seqNo="6" isCompoundParam="1" flowDirection="0" dataSegmentName="_hseg" dataItemName="_purpose" spParameterType="CHAR" />
            <PP physicalParameterName="_report_type" seqNo="7" isCompoundParam="1" flowDirection="0" dataSegmentName="_hseg" dataItemName="_report_type" spParameterType="CHAR" />
            <PP physicalParameterName="ctxt_language" seqNo="8" isCompoundParam="1" flowDirection="0" dataSegmentName="fw_context" dataItemName="language" spParameterType="INTEGER" />
            <PP physicalParameterName="ctxt_ouinstance" seqNo="9" isCompoundParam="1" flowDirection="0" dataSegmentName="fw_context" dataItemName="ouinstance" spParameterType="INTEGER" />
            <PP physicalParameterName="ctxt_role" seqNo="10" isCompoundParam="1" flowDirection="0" dataSegmentName="fw_context" dataItemName="role" spParameterType="CHAR" />
            <PP physicalParameterName="ctxt_service" seqNo="11" isCompoundParam="1" flowDirection="0" dataSegmentName="fw_context" dataItemName="service" spParameterType="CHAR" />
            <PP physicalParameterName="ctxt_user" seqNo="12" isCompoundParam="1" flowDirection="0" dataSegmentName="fw_context" dataItemName="user" spParameterType="CHAR" />
        </BR>
    </PS>
    <PS sectionType="0" seqNo="4" controlExpressionEval="false" controlExpression="" loopingStyle="0" loopCausingSegment="" ceInstDepFlag="0" brsCnt="2" sectionName="cmbload">
        <BR seqNo="1" cSeqNo="0" executionMode="2" baseArtifact="false" isMethod="1" progID="" methodName="lgr_diprtuihcmbpulod" integServiceName="" controlExpressionEval="false" controlExpression="" executionFlag="2" loopSegment="" modeFlagExpression="" methodID="0" accessesDatabase="1" systemGenerated="1" broName="" ceInstDepFlag="0" spName="lgr_diprtuihcmbpulod" disable="false" operationType="0" spErrorProtocol="0" brppCnt="6" brlpCnt="1">
            <PP physicalParameterName="ctxt_language" seqNo="1" isCompoundParam="1" flowDirection="0" dataSegmentName="fw_context" dataItemName="language" spParameterType="INTEGER" />
            <PP physicalParameterName="ctxt_ouinstance" seqNo="2" isCompoundParam="1" flowDirection="0" dataSegmentName="fw_context" dataItemName="ouinstance" spParameterType="INTEGER" />
            <PP physicalParameterName="ctxt_role" seqNo="3" isCompoundParam="1" flowDirection="0" dataSegmentName="fw_context" dataItemName="role" spParameterType="CHAR" />
            <PP physicalParameterName="ctxt_service" seqNo="4" isCompoundParam="1" flowDirection="0" dataSegmentName="fw_context" dataItemName="service" spParameterType="CHAR" />
            <PP physicalParameterName="ctxt_user" seqNo="5" isCompoundParam="1" flowDirection="0" dataSegmentName="fw_context" dataItemName="user" spParameterType="CHAR" />
            <PP physicalParameterName="rset002" seqNo="6" isCompoundParam="0" flowDirection="1" dataSegmentName="pulod" dataItemName="" />
            <LP logicalParameterName="_purpose" seqNo="1" dataSegmentName="pulod" dataItemName="_purpose" />
        </BR>
        <BR seqNo="2" cSeqNo="0" executionMode="2" baseArtifact="false" isMethod="1" progID="" methodName="lgr_diprtuihcmbrtlod" integServiceName="" controlExpressionEval="false" controlExpression="" executionFlag="2" loopSegment="" modeFlagExpression="" methodID="0" accessesDatabase="1" systemGenerated="1" broName="" ceInstDepFlag="0" spName="lgr_diprtuihcmbrtlod" disable="false" operationType="0" spErrorProtocol="0" brppCnt="6" brlpCnt="2">
            <PP physicalParameterName="ctxt_language" seqNo="1" isCompoundParam="1" flowDirection="0" dataSegmentName="fw_context" dataItemName="language" spParameterType="INTEGER" />
            <PP physicalParameterName="ctxt_ouinstance" seqNo="2" isCompoundParam="1" flowDirection="0" dataSegmentName="fw_context" dataItemName="ouinstance" spParameterType="INTEGER" />
            <PP physicalParameterName="ctxt_role" seqNo="3" isCompoundParam="1" flowDirection="0" dataSegmentName="fw_context" dataItemName="role" spParameterType="CHAR" />
            <PP physicalParameterName="ctxt_service" seqNo="4" isCompoundParam="1" flowDirection="0" dataSegmentName="fw_context" dataItemName="service" spParameterType="CHAR" />
            <PP physicalParameterName="ctxt_user" seqNo="5" isCompoundParam="1" flowDirection="0" dataSegmentName="fw_context" dataItemName="user" spParameterType="CHAR" />
            <PP physicalParameterName="rset002" seqNo="6" isCompoundParam="0" flowDirection="1" dataSegmentName="rtlod" dataItemName="" />
            <LP logicalParameterName="_report_type" seqNo="1" dataSegmentName="rtlod" dataItemName="_report_type" />
        </BR>
    </PS>
    <PS sectionType="0" seqNo="5" controlExpressionEval="false" controlExpression="" loopingStyle="0" loopCausingSegment="" ceInstDepFlag="0" brsCnt="3" sectionName="leload">
        <BR seqNo="1" cSeqNo="0" executionMode="2" baseArtifact="false" isMethod="1" progID="" methodName="lgr_diprtuihleculod" integServiceName="" controlExpressionEval="false" controlExpression="" executionFlag="2" loopSegment="" modeFlagExpression="" methodID="0" accessesDatabase="1" systemGenerated="1" broName="" ceInstDepFlag="0" spName="lgr_diprtuihleculod" disable="false" operationType="0" spErrorProtocol="0" brppCnt="6" brlpCnt="1">
            <PP physicalParameterName="ctxt_language" seqNo="1" isCompoundParam="1" flowDirection="0" dataSegmentName="fw_context" dataItemName="language" spParameterType="INTEGER" />
            <PP physicalParameterName="ctxt_ouinstance" seqNo="2" isCompoundParam="1" flowDirection="0" dataSegmentName="fw_context" dataItemName="ouinstance" spParameterType="INTEGER" />
            <PP physicalParameterName="ctxt_role" seqNo="3" isCompoundParam="1" flowDirection="0" dataSegmentName="fw_context" dataItemName="role" spParameterType="CHAR" />
            <PP physicalParameterName="ctxt_service" seqNo="4" isCompoundParam="1" flowDirection="0" dataSegmentName="fw_context" dataItemName="service" spParameterType="CHAR" />
            <PP physicalParameterName="ctxt_user" seqNo="5" isCompoundParam="1" flowDirection="0" dataSegmentName="fw_context" dataItemName="user" spParameterType="CHAR" />
            <PP physicalParameterName="rset002" seqNo="6" isCompoundParam="0" flowDirection="1" dataSegmentName="culod" dataItemName="" />
            <LP logicalParameterName="_customer" seqNo="1" dataSegmentName="culod" dataItemName="_customer" />
        </BR>
        <BR seqNo="2" cSeqNo="0" executionMode="2" baseArtifact="false" isMethod="1" progID="" methodName="lgr_diprtuihledivlod" integServiceName="" controlExpressionEval="false" controlExpression="" executionFlag="2" loopSegment="" modeFlagExpression="" methodID="0" accessesDatabase="1" systemGenerated="1" broName="" ceInstDepFlag="0" spName="lgr_diprtuihledivlod" disable="false" operationType="0" spErrorProtocol="0" brppCnt="6" brlpCnt="2">
            <PP physicalParameterName="ctxt_language" seqNo="1" isCompoundParam="1" flowDirection="0" dataSegmentName="fw_context" dataItemName="language" spParameterType="INTEGER" />
            <PP physicalParameterName="ctxt_ouinstance" seqNo="2" isCompoundParam="1" flowDirection="0" dataSegmentName="fw_context" dataItemName="ouinstance" spParameterType="INTEGER" />
            <PP physicalParameterName="ctxt_role" seqNo="3" isCompoundParam="1" flowDirection="0" dataSegmentName="fw_context" dataItemName="role" spParameterType="CHAR" />
            <PP physicalParameterName="ctxt_service" seqNo="4" isCompoundParam="1" flowDirection="0" dataSegmentName="fw_context" dataItemName="service" spParameterType="CHAR" />
            <PP physicalParameterName="ctxt_user" seqNo="5" isCompoundParam="1" flowDirection="0" dataSegmentName="fw_context" dataItemName="user" spParameterType="CHAR" />
            <PP physicalParameterName="rset002" seqNo="6" isCompoundParam="0" flowDirection="1" dataSegmentName="divlod" dataItemName="" />
            <LP logicalParameterName="_division" seqNo="1" dataSegmentName="divlod" dataItemName="_division" />
        </BR>
        <BR seqNo="3" cSeqNo="0" executionMode="2" baseArtifact="false" isMethod="1" progID="" methodName="lgr_diprtuihlelolod" integServiceName="" controlExpressionEval="false" controlExpression="" executionFlag="2" loopSegment="" modeFlagExpression="" methodID="0" accessesDatabase="1" systemGenerated="1" broName="" ceInstDepFlag="0" spName="lgr_diprtuihlelolod" disable="false" operationType="0" spErrorProtocol="0" brppCnt="6" brlpCnt="3">
            <PP physicalParameterName="ctxt_language" seqNo="1" isCompoundParam="1" flowDirection="0" dataSegmentName="fw_context" dataItemName="language" spParameterType="INTEGER" />
            <PP physicalParameterName="ctxt_ouinstance" seqNo="2" isCompoundParam="1" flowDirection="0" dataSegmentName="fw_context" dataItemName="ouinstance" spParameterType="INTEGER" />
            <PP physicalParameterName="ctxt_role" seqNo="3" isCompoundParam="1" flowDirection="0" dataSegmentName="fw_context" dataItemName="role" spParameterType="CHAR" />
            <PP physicalParameterName="ctxt_service" seqNo="4" isCompoundParam="1" flowDirection="0" dataSegmentName="fw_context" dataItemName="service" spParameterType="CHAR" />
            <PP physicalParameterName="ctxt_user" seqNo="5" isCompoundParam="1" flowDirection="0" dataSegmentName="fw_context" dataItemName="user" spParameterType="CHAR" />
            <PP physicalParameterName="rset002" seqNo="6" isCompoundParam="0" flowDirection="1" dataSegmentName="lolod" dataItemName="" />
            <LP logicalParameterName="_location" seqNo="1" dataSegmentName="lolod" dataItemName="_location" />
        </BR>
    </PS>
    <PS sectionType="0" seqNo="6" controlExpressionEval="false" controlExpression="" loopingStyle="0" loopCausingSegment="" ceInstDepFlag="0" brsCnt="1" sectionName="hdrrefresh">
        <BR seqNo="1" cSeqNo="0" executionMode="2" baseArtifact="false" isMethod="1" progID="" methodName="lgr_diprtuihdrref" integServiceName="" controlExpressionEval="false" controlExpression="" executionFlag="1" loopSegment="" modeFlagExpression="" methodID="0" accessesDatabase="1" systemGenerated="1" broName="" ceInstDepFlag="0" spName="lgr_diprtuihdrref" disable="false" operationType="0" spErrorProtocol="0" brppCnt="12" brlpCnt="0">
            <PP physicalParameterName="ctxt_language" seqNo="1" isCompoundParam="1" flowDirection="0" dataSegmentName="fw_context" dataItemName="language" spParameterType="INTEGER" />
            <PP physicalParameterName="ctxt_ouinstance" seqNo="2" isCompoundParam="1" flowDirection="0" dataSegmentName="fw_context" dataItemName="ouinstance" spParameterType="INTEGER" />
            <PP physicalParameterName="ctxt_role" seqNo="3" isCompoundParam="1" flowDirection="0" dataSegmentName="fw_context" dataItemName="role" spParameterType="CHAR" />
            <PP physicalParameterName="ctxt_service" seqNo="4" isCompoundParam="1" flowDirection="0" dataSegmentName="fw_context" dataItemName="service" spParameterType="CHAR" />
            <PP physicalParameterName="ctxt_user" seqNo="5" isCompoundParam="1" flowDirection="0" dataSegmentName="fw_context" dataItemName="user" spParameterType="CHAR" />
            <PP physicalParameterName="_customer" seqNo="6" isCompoundParam="1" flowDirection="2" dataSegmentName="_hseg" dataItemName="_customer" spParameterType="CHAR" />
            <PP physicalParameterName="_datefrom" seqNo="7" isCompoundParam="1" flowDirection="2" dataSegmentName="_hseg" dataItemName="_datefrom" spParameterType="DATE" />
            <PP physicalParameterName="_dateto" seqNo="8" isCompoundParam="1" flowDirection="2" dataSegmentName="_hseg" dataItemName="_dateto" spParameterType="DATE" />
            <PP physicalParameterName="_division" seqNo="9" isCompoundParam="1" flowDirection="2" dataSegmentName="_hseg" dataItemName="_division" spParameterType="CHAR" />
            <PP physicalParameterName="_location" seqNo="10" isCompoundParam="1" flowDirection="2" dataSegmentName="_hseg" dataItemName="_location" spParameterType="CHAR" />
            <PP physicalParameterName="_purpose" seqNo="11" isCompoundParam="1" flowDirection="2" dataSegmentName="_hseg" dataItemName="_purpose" spParameterType="CHAR" />
            <PP physicalParameterName="_report_type" seqNo="12" isCompoundParam="1" flowDirection="2" dataSegmentName="_hseg" dataItemName="_report_type" spParameterType="CHAR" />
        </BR>
    </PS>
    <SEG segmentName="fw_context" seqNo="1" instanceFlag="0" flowDirection="2" mandatory="1" isPartOfHierarchy="1" segKeys="" diCnt="13" inDINames="" ioDINames="sectoken;component;service;ouinstance;componentinstance;" outDINames="transactionobject;user;language;txntime;txnid;txnoutcome;" scDINames="connectionstring;role;" diNames="sectoken;component;service;ouinstance;componentinstance;transactionobject;user;language;txntime;txnid;txnoutcome;connectionstring;role;" inDICnt="0" outDICnt="6" ioDICnt="5" scDICnt="2">
        <DI dataItemName="transactionobject" dataType="8" dataLength="32" isPartOfKey="0" flowAttribute="1" mandatoryFlag="1" defaultValue="" bt_Type="STRING" isModel="" />
        <DI dataItemName="user" dataType="8" dataLength="32" isPartOfKey="0" flowAttribute="1" mandatoryFlag="1" defaultValue="" bt_Type="STRING" isModel="" />
        <DI dataItemName="language" dataType="3" dataLength="20" isPartOfKey="0" flowAttribute="1" mandatoryFlag="1" defaultValue="" bt_Type="STRING" isModel="" />
        <DI dataItemName="sectoken" dataType="8" dataLength="32" isPartOfKey="0" flowAttribute="2" mandatoryFlag="1" defaultValue="" bt_Type="STRING" isModel="" />
        <DI dataItemName="component" dataType="8" dataLength="32" isPartOfKey="0" flowAttribute="2" mandatoryFlag="1" defaultValue="" bt_Type="STRING" isModel="" />
        <DI dataItemName="service" dataType="8" dataLength="32" isPartOfKey="0" flowAttribute="2" mandatoryFlag="1" defaultValue="" bt_Type="STRING" isModel="" />
        <DI dataItemName="ouinstance" dataType="8" dataLength="40" isPartOfKey="0" flowAttribute="2" mandatoryFlag="1" defaultValue="" bt_Type="STRING" isModel="" />
        <DI dataItemName="componentinstance" dataType="8" dataLength="40" isPartOfKey="0" flowAttribute="2" mandatoryFlag="1" defaultValue="" bt_Type="STRING" isModel="" />
        <DI dataItemName="txntime" dataType="8" dataLength="50" isPartOfKey="0" flowAttribute="1" mandatoryFlag="1" defaultValue="" bt_Type="STRING" isModel="" />
        <DI dataItemName="txnid" dataType="8" dataLength="40" isPartOfKey="0" flowAttribute="1" mandatoryFlag="1" defaultValue="" bt_Type="STRING" isModel="" />
        <DI dataItemName="txnoutcome" dataType="8" dataLength="10" isPartOfKey="0" flowAttribute="1" mandatoryFlag="1" defaultValue="" bt_Type="STRING" isModel="" />
        <DI dataItemName="connectionstring" dataType="8" dataLength="255" isPartOfKey="0" flowAttribute="3" mandatoryFlag="1" defaultValue="" bt_Type="STRING" isModel="0" />
        <DI dataItemName="role" dataType="8" dataLength="40" isPartOfKey="0" flowAttribute="3" mandatoryFlag="1" defaultValue="" bt_Type="STRING" isModel="0" />
    </SEG>
    <SEG segmentName="culod" seqNo="2" instanceFlag="1" flowDirection="1" mandatory="0" isPartOfHierarchy="1" segKeys="" diCnt="1" inDINames="" ioDINames="" outDINames="_customer;" scDINames="" diNames="_customer;" inDICnt="0" outDICnt="1" ioDICnt="0" scDICnt="0" baseArtifact="false">
        <DI dataItemName="_customer" dataType="8" dataLength="255" isPartOfKey="0" flowAttribute="1" mandatoryFlag="0" defaultValue="~#~" bt_Type="CHAR" isModel="" baseArtifact="false" />
    </SEG>
    <SEG segmentName="pulod" seqNo="2" instanceFlag="1" flowDirection="1" mandatory="0" isPartOfHierarchy="1" segKeys="" diCnt="1" inDINames="" ioDINames="" outDINames="_purpose;" scDINames="" diNames="_purpose;" inDICnt="0" outDICnt="1" ioDICnt="0" scDICnt="0" baseArtifact="false">
        <DI dataItemName="_purpose" dataType="8" dataLength="355" isPartOfKey="0" flowAttribute="1" mandatoryFlag="0" defaultValue="~#~" bt_Type="CHAR" isModel="" baseArtifact="false" />
    </SEG>
    <SEG segmentName="rtlod" seqNo="3" instanceFlag="1" flowDirection="1" mandatory="0" isPartOfHierarchy="1" segKeys="" diCnt="1" inDINames="" ioDINames="" outDINames="_report_type;" scDINames="" diNames="_report_type;" inDICnt="0" outDICnt="1" ioDICnt="0" scDICnt="0" baseArtifact="false">
        <DI dataItemName="_report_type" dataType="8" dataLength="355" isPartOfKey="0" flowAttribute="1" mandatoryFlag="0" defaultValue="~#~" bt_Type="CHAR" isModel="" baseArtifact="false" />
    </SEG>
    <SEG segmentName="divlod" seqNo="3" instanceFlag="1" flowDirection="1" mandatory="0" isPartOfHierarchy="1" segKeys="" diCnt="1" inDINames="" ioDINames="" outDINames="_division;" scDINames="" diNames="_division;" inDICnt="0" outDICnt="1" ioDICnt="0" scDICnt="0" baseArtifact="false">
        <DI dataItemName="_division" dataType="8" dataLength="355" isPartOfKey="0" flowAttribute="1" mandatoryFlag="0" defaultValue="~#~" bt_Type="CHAR" isModel="" baseArtifact="false" />
    </SEG>
    <SEG segmentName="lolod" seqNo="4" instanceFlag="1" flowDirection="1" mandatory="0" isPartOfHierarchy="1" segKeys="" diCnt="1" inDINames="" ioDINames="" outDINames="_location;" scDINames="" diNames="_location;" inDICnt="0" outDICnt="1" ioDICnt="0" scDICnt="0" baseArtifact="false">
        <DI dataItemName="_location" dataType="8" dataLength="30" isPartOfKey="0" flowAttribute="1" mandatoryFlag="0" defaultValue="~#~" bt_Type="CHAR" isModel="" baseArtifact="false" />
    </SEG>
    <SEG segmentName="_hseg" seqNo="1" instanceFlag="0" flowDirection="2" mandatory="0" isPartOfHierarchy="0" segKeys="" diCnt="7" inDINames="" ioDINames="_customer;_datefrom;_dateto;_division;_location;_purpose;_report_type;" outDINames="" scDINames="" diNames="_customer;_datefrom;_dateto;_division;_location;_purpose;_report_type;" inDICnt="0" outDICnt="0" ioDICnt="7" scDICnt="0" baseArtifact="false">
        <DI dataItemName="_customer" dataType="8" dataLength="255" isPartOfKey="0" flowAttribute="2" mandatoryFlag="0" defaultValue="~#~" bt_Type="CHAR" isModel="" baseArtifact="false" />
        <DI dataItemName="_datefrom" dataType="8" dataLength="11" isPartOfKey="0" flowAttribute="2" mandatoryFlag="0" defaultValue="1900-01-01" bt_Type="DATE" isModel="" baseArtifact="false" />
        <DI dataItemName="_dateto" dataType="8" dataLength="11" isPartOfKey="0" flowAttribute="2" mandatoryFlag="0" defaultValue="1900-01-01" bt_Type="DATE" isModel="" baseArtifact="false" />
        <DI dataItemName="_division" dataType="8" dataLength="355" isPartOfKey="0" flowAttribute="2" mandatoryFlag="0" defaultValue="~#~" bt_Type="CHAR" isModel="" baseArtifact="false" />
        <DI dataItemName="_location" dataType="8" dataLength="30" isPartOfKey="0" flowAttribute="2" mandatoryFlag="0" defaultValue="~#~" bt_Type="CHAR" isModel="" baseArtifact="false" />
        <DI dataItemName="_purpose" dataType="8" dataLength="355" isPartOfKey="0" flowAttribute="2" mandatoryFlag="0" defaultValue="~#~" bt_Type="CHAR" isModel="" baseArtifact="false" />
        <DI dataItemName="_report_type" dataType="8" dataLength="355" isPartOfKey="0" flowAttribute="2" mandatoryFlag="0" defaultValue="~#~" bt_Type="CHAR" isModel="" baseArtifact="false" />
    </SEG>
</RvwService>