<RvwService serviceName="lgr_dipmainpginitsr" serviceType="0" inSegs="" outSegs="errordetails;culod;pulod;rtlod;divlod;lolod;" ioSegs="" scSegs="" inSegCnt="0" outSegCnt="5" scSegCnt="0" psCnt="2" ioSegCnt="0" dataSegs="culod;pulod;rtlod;divlod;lolod;" segCnt="5">
    <PS sectionType="0" seqNo="1" controlExpressionEval="false" controlExpression="" loopingStyle="0" loopCausingSegment="" ceInstDepFlag="0" brsCnt="2" sectionName="cmbload">
        <BR seqNo="1" cSeqNo="0" executionMode="2" baseArtifact="false" isMethod="1" progID="" methodName="lgr_dipinhcmbpulod" integServiceName="" controlExpressionEval="false" controlExpression="" executionFlag="2" loopSegment="" modeFlagExpression="" methodID="0" accessesDatabase="1" systemGenerated="1" broName="" ceInstDepFlag="0" spName="lgr_dipinhcmbpulod" disable="false" operationType="0" spErrorProtocol="0" brppCnt="6" brlpCnt="1">
            <PP physicalParameterName="ctxt_language" seqNo="1" isCompoundParam="1" flowDirection="0" dataSegmentName="fw_context" dataItemName="language" spParameterType="INTEGER" />
            <PP physicalParameterName="ctxt_ouinstance" seqNo="2" isCompoundParam="1" flowDirection="0" dataSegmentName="fw_context" dataItemName="ouinstance" spParameterType="INTEGER" />
            <PP physicalParameterName="ctxt_role" seqNo="3" isCompoundParam="1" flowDirection="0" dataSegmentName="fw_context" dataItemName="role" spParameterType="CHAR" />
            <PP physicalParameterName="ctxt_service" seqNo="4" isCompoundParam="1" flowDirection="0" dataSegmentName="fw_context" dataItemName="service" spParameterType="CHAR" />
            <PP physicalParameterName="ctxt_user" seqNo="5" isCompoundParam="1" flowDirection="0" dataSegmentName="fw_context" dataItemName="user" spParameterType="CHAR" />
            <PP physicalParameterName="rset002" seqNo="6" isCompoundParam="0" flowDirection="1" dataSegmentName="pulod" dataItemName="" />
            <LP logicalParameterName="_purpose" seqNo="1" dataSegmentName="pulod" dataItemName="_purpose" />
        </BR>
        <BR seqNo="2" cSeqNo="0" executionMode="2" baseArtifact="false" isMethod="1" progID="" methodName="lgr_dipinhcmbrtlod" integServiceName="" controlExpressionEval="false" controlExpression="" executionFlag="2" loopSegment="" modeFlagExpression="" methodID="0" accessesDatabase="1" systemGenerated="1" broName="" ceInstDepFlag="0" spName="lgr_dipinhcmbrtlod" disable="false" operationType="0" spErrorProtocol="0" brppCnt="6" brlpCnt="2">
            <PP physicalParameterName="ctxt_language" seqNo="1" isCompoundParam="1" flowDirection="0" dataSegmentName="fw_context" dataItemName="language" spParameterType="INTEGER" />
            <PP physicalParameterName="ctxt_ouinstance" seqNo="2" isCompoundParam="1" flowDirection="0" dataSegmentName="fw_context" dataItemName="ouinstance" spParameterType="INTEGER" />
            <PP physicalParameterName="ctxt_role" seqNo="3" isCompoundParam="1" flowDirection="0" dataSegmentName="fw_context" dataItemName="role" spParameterType="CHAR" />
            <PP physicalParameterName="ctxt_service" seqNo="4" isCompoundParam="1" flowDirection="0" dataSegmentName="fw_context" dataItemName="service" spParameterType="CHAR" />
            <PP physicalParameterName="ctxt_user" seqNo="5" isCompoundParam="1" flowDirection="0" dataSegmentName="fw_context" dataItemName="user" spParameterType="CHAR" />
            <PP physicalParameterName="rset002" seqNo="6" isCompoundParam="0" flowDirection="1" dataSegmentName="rtlod" dataItemName="" />
            <LP logicalParameterName="_report_type" seqNo="1" dataSegmentName="rtlod" dataItemName="_report_type" />
        </BR>
    </PS>
    <PS sectionType="0" seqNo="2" controlExpressionEval="false" controlExpression="" loopingStyle="0" loopCausingSegment="" ceInstDepFlag="0" brsCnt="3" sectionName="leload">
        <BR seqNo="1" cSeqNo="0" executionMode="2" baseArtifact="false" isMethod="1" progID="" methodName="lgr_dipinhleculod" integServiceName="" controlExpressionEval="false" controlExpression="" executionFlag="2" loopSegment="" modeFlagExpression="" methodID="0" accessesDatabase="1" systemGenerated="1" broName="" ceInstDepFlag="0" spName="lgr_dipinhleculod" disable="false" operationType="0" spErrorProtocol="0" brppCnt="6" brlpCnt="1">
            <PP physicalParameterName="ctxt_language" seqNo="1" isCompoundParam="1" flowDirection="0" dataSegmentName="fw_context" dataItemName="language" spParameterType="INTEGER" />
            <PP physicalParameterName="ctxt_ouinstance" seqNo="2" isCompoundParam="1" flowDirection="0" dataSegmentName="fw_context" dataItemName="ouinstance" spParameterType="INTEGER" />
            <PP physicalParameterName="ctxt_role" seqNo="3" isCompoundParam="1" flowDirection="0" dataSegmentName="fw_context" dataItemName="role" spParameterType="CHAR" />
            <PP physicalParameterName="ctxt_service" seqNo="4" isCompoundParam="1" flowDirection="0" dataSegmentName="fw_context" dataItemName="service" spParameterType="CHAR" />
            <PP physicalParameterName="ctxt_user" seqNo="5" isCompoundParam="1" flowDirection="0" dataSegmentName="fw_context" dataItemName="user" spParameterType="CHAR" />
            <PP physicalParameterName="rset002" seqNo="6" isCompoundParam="0" flowDirection="1" dataSegmentName="culod" dataItemName="" />
            <LP logicalParameterName="_customer" seqNo="1" dataSegmentName="culod" dataItemName="_customer" />
        </BR>
        <BR seqNo="2" cSeqNo="0" executionMode="2" baseArtifact="false" isMethod="1" progID="" methodName="lgr_dipinhledivlod" integServiceName="" controlExpressionEval="false" controlExpression="" executionFlag="2" loopSegment="" modeFlagExpression="" methodID="0" accessesDatabase="1" systemGenerated="1" broName="" ceInstDepFlag="0" spName="lgr_dipinhledivlod" disable="false" operationType="0" spErrorProtocol="0" brppCnt="6" brlpCnt="2">
            <PP physicalParameterName="ctxt_language" seqNo="1" isCompoundParam="1" flowDirection="0" dataSegmentName="fw_context" dataItemName="language" spParameterType="INTEGER" />
            <PP physicalParameterName="ctxt_ouinstance" seqNo="2" isCompoundParam="1" flowDirection="0" dataSegmentName="fw_context" dataItemName="ouinstance" spParameterType="INTEGER" />
            <PP physicalParameterName="ctxt_role" seqNo="3" isCompoundParam="1" flowDirection="0" dataSegmentName="fw_context" dataItemName="role" spParameterType="CHAR" />
            <PP physicalParameterName="ctxt_service" seqNo="4" isCompoundParam="1" flowDirection="0" dataSegmentName="fw_context" dataItemName="service" spParameterType="CHAR" />
            <PP physicalParameterName="ctxt_user" seqNo="5" isCompoundParam="1" flowDirection="0" dataSegmentName="fw_context" dataItemName="user" spParameterType="CHAR" />
            <PP physicalParameterName="rset002" seqNo="6" isCompoundParam="0" flowDirection="1" dataSegmentName="divlod" dataItemName="" />
            <LP logicalParameterName="_division" seqNo="1" dataSegmentName="divlod" dataItemName="_division" />
        </BR>
        <BR seqNo="3" cSeqNo="0" executionMode="2" baseArtifact="false" isMethod="1" progID="" methodName="lgr_dipinhlelolod" integServiceName="" controlExpressionEval="false" controlExpression="" executionFlag="2" loopSegment="" modeFlagExpression="" methodID="0" accessesDatabase="1" systemGenerated="1" broName="" ceInstDepFlag="0" spName="lgr_dipinhlelolod" disable="false" operationType="0" spErrorProtocol="0" brppCnt="6" brlpCnt="3">
            <PP physicalParameterName="ctxt_language" seqNo="1" isCompoundParam="1" flowDirection="0" dataSegmentName="fw_context" dataItemName="language" spParameterType="INTEGER" />
            <PP physicalParameterName="ctxt_ouinstance" seqNo="2" isCompoundParam="1" flowDirection="0" dataSegmentName="fw_context" dataItemName="ouinstance" spParameterType="INTEGER" />
            <PP physicalParameterName="ctxt_role" seqNo="3" isCompoundParam="1" flowDirection="0" dataSegmentName="fw_context" dataItemName="role" spParameterType="CHAR" />
            <PP physicalParameterName="ctxt_service" seqNo="4" isCompoundParam="1" flowDirection="0" dataSegmentName="fw_context" dataItemName="service" spParameterType="CHAR" />
            <PP physicalParameterName="ctxt_user" seqNo="5" isCompoundParam="1" flowDirection="0" dataSegmentName="fw_context" dataItemName="user" spParameterType="CHAR" />
            <PP physicalParameterName="rset002" seqNo="6" isCompoundParam="0" flowDirection="1" dataSegmentName="lolod" dataItemName="" />
            <LP logicalParameterName="_location" seqNo="1" dataSegmentName="lolod" dataItemName="_location" />
        </BR>
    </PS>
    <SEG segmentName="fw_context" seqNo="1" instanceFlag="0" flowDirection="2" mandatory="1" isPartOfHierarchy="1" segKeys="" diCnt="13" inDINames="" ioDINames="sectoken;component;service;ouinstance;componentinstance;" outDINames="transactionobject;user;language;txntime;txnid;txnoutcome;" scDINames="connectionstring;role;" diNames="sectoken;component;service;ouinstance;componentinstance;transactionobject;user;language;txntime;txnid;txnoutcome;connectionstring;role;" inDICnt="0" outDICnt="6" ioDICnt="5" scDICnt="2">
        <DI dataItemName="transactionobject" dataType="8" dataLength="32" isPartOfKey="0" flowAttribute="1" mandatoryFlag="1" defaultValue="" bt_Type="STRING" isModel="" />
        <DI dataItemName="user" dataType="8" dataLength="32" isPartOfKey="0" flowAttribute="1" mandatoryFlag="1" defaultValue="" bt_Type="STRING" isModel="" />
        <DI dataItemName="language" dataType="3" dataLength="20" isPartOfKey="0" flowAttribute="1" mandatoryFlag="1" defaultValue="" bt_Type="STRING" isModel="" />
        <DI dataItemName="sectoken" dataType="8" dataLength="32" isPartOfKey="0" flowAttribute="2" mandatoryFlag="1" defaultValue="" bt_Type="STRING" isModel="" />
        <DI dataItemName="component" dataType="8" dataLength="32" isPartOfKey="0" flowAttribute="2" mandatoryFlag="1" defaultValue="" bt_Type="STRING" isModel="" />
        <DI dataItemName="service" dataType="8" dataLength="32" isPartOfKey="0" flowAttribute="2" mandatoryFlag="1" defaultValue="" bt_Type="STRING" isModel="" />
        <DI dataItemName="ouinstance" dataType="8" dataLength="40" isPartOfKey="0" flowAttribute="2" mandatoryFlag="1" defaultValue="" bt_Type="STRING" isModel="" />
        <DI dataItemName="componentinstance" dataType="8" dataLength="40" isPartOfKey="0" flowAttribute="2" mandatoryFlag="1" defaultValue="" bt_Type="STRING" isModel="" />
        <DI dataItemName="txntime" dataType="8" dataLength="50" isPartOfKey="0" flowAttribute="1" mandatoryFlag="1" defaultValue="" bt_Type="STRING" isModel="" />
        <DI dataItemName="txnid" dataType="8" dataLength="40" isPartOfKey="0" flowAttribute="1" mandatoryFlag="1" defaultValue="" bt_Type="STRING" isModel="" />
        <DI dataItemName="txnoutcome" dataType="8" dataLength="10" isPartOfKey="0" flowAttribute="1" mandatoryFlag="1" defaultValue="" bt_Type="STRING" isModel="" />
        <DI dataItemName="connectionstring" dataType="8" dataLength="255" isPartOfKey="0" flowAttribute="3" mandatoryFlag="1" defaultValue="" bt_Type="STRING" isModel="0" />
        <DI dataItemName="role" dataType="8" dataLength="40" isPartOfKey="0" flowAttribute="3" mandatoryFlag="1" defaultValue="" bt_Type="STRING" isModel="0" />
    </SEG>
    <SEG segmentName="culod" seqNo="2" instanceFlag="1" flowDirection="1" mandatory="0" isPartOfHierarchy="1" segKeys="" diCnt="1" inDINames="" ioDINames="" outDINames="_customer;" scDINames="" diNames="_customer;" inDICnt="0" outDICnt="1" ioDICnt="0" scDICnt="0" baseArtifact="false">
        <DI dataItemName="_customer" dataType="8" dataLength="255" isPartOfKey="0" flowAttribute="1" mandatoryFlag="0" defaultValue="~#~" bt_Type="CHAR" isModel="" baseArtifact="false" />
    </SEG>
    <SEG segmentName="pulod" seqNo="2" instanceFlag="1" flowDirection="1" mandatory="0" isPartOfHierarchy="1" segKeys="" diCnt="1" inDINames="" ioDINames="" outDINames="_purpose;" scDINames="" diNames="_purpose;" inDICnt="0" outDICnt="1" ioDICnt="0" scDICnt="0" baseArtifact="false">
        <DI dataItemName="_purpose" dataType="8" dataLength="355" isPartOfKey="0" flowAttribute="1" mandatoryFlag="0" defaultValue="~#~" bt_Type="CHAR" isModel="" baseArtifact="false" />
    </SEG>
    <SEG segmentName="rtlod" seqNo="3" instanceFlag="1" flowDirection="1" mandatory="0" isPartOfHierarchy="1" segKeys="" diCnt="1" inDINames="" ioDINames="" outDINames="_report_type;" scDINames="" diNames="_report_type;" inDICnt="0" outDICnt="1" ioDICnt="0" scDICnt="0" baseArtifact="false">
        <DI dataItemName="_report_type" dataType="8" dataLength="355" isPartOfKey="0" flowAttribute="1" mandatoryFlag="0" defaultValue="~#~" bt_Type="CHAR" isModel="" baseArtifact="false" />
    </SEG>
    <SEG segmentName="divlod" seqNo="3" instanceFlag="1" flowDirection="1" mandatory="0" isPartOfHierarchy="1" segKeys="" diCnt="1" inDINames="" ioDINames="" outDINames="_division;" scDINames="" diNames="_division;" inDICnt="0" outDICnt="1" ioDICnt="0" scDICnt="0" baseArtifact="false">
        <DI dataItemName="_division" dataType="8" dataLength="355" isPartOfKey="0" flowAttribute="1" mandatoryFlag="0" defaultValue="~#~" bt_Type="CHAR" isModel="" baseArtifact="false" />
    </SEG>
    <SEG segmentName="lolod" seqNo="4" instanceFlag="1" flowDirection="1" mandatory="0" isPartOfHierarchy="1" segKeys="" diCnt="1" inDINames="" ioDINames="" outDINames="_location;" scDINames="" diNames="_location;" inDICnt="0" outDICnt="1" ioDICnt="0" scDICnt="0" baseArtifact="false">
        <DI dataItemName="_location" dataType="8" dataLength="30" isPartOfKey="0" flowAttribute="1" mandatoryFlag="0" defaultValue="~#~" bt_Type="CHAR" isModel="" baseArtifact="false" />
    </SEG>
</RvwService>