<RVWILBO ComponentName="LGT_REPORTS" ComponentDesc="LGT Reports" ActivityName="veh_in_out_rpt" ActivityDesc="Vehicle In &amp; Out Reports" ILBOName="veh_mov_rpt" ILBODesc="Vehicle Movement Report" ILBOType="1" DefaultTabName="" PageNames="mainpage;" NoOfPages="1" AppStateControl="" InitService="lgr_vehiclmainpginitsr" LinkPublished="false" FetchService="lgr_vehiclmainpgdeffetchsr" ClientExtension="false" InlineTab="false" BaseArtifact="false">
    <Page PageName="mainpage" NoOfControls="7" ControlNames="_cbo_report_type;_cmb_purpose;_lst_customer;_lst_division;_lst_location;_txt_datefrom;_txt_dateto;" NoOfNewControls="7" NewControlNames="_cbo_report_type;_cmb_purpose;_lst_customer;_lst_division;_lst_location;_txt_datefrom;_txt_dateto;" NoOfBaseControls="0" BaseControlNames="" DisplayURL="" BaseArtifact="false">
        <LayoutControl ControlType="Section" ControlName="_mainsection" BaseArtifact="false" />
        <LayoutControl ControlType="Section" ControlName="_printsection" BaseArtifact="false" />
        <LayoutControl ControlType="RSButton" ControlName="_rbt_rbtprint_vehical" BaseArtifact="false" />
        <Control ControlName="_cbo_report_type" ControlType="RSCombo" BaseArtifact="false">
            <ViewInfo ViewName="_cbo_report_type" Visible="true" DataType="char" HelpView="" PrecisionValue="" BaseArtifact="false" />
        </Control>
        <Control ControlName="_cmb_purpose" ControlType="RSCombo" BaseArtifact="false">
            <ViewInfo ViewName="_cmb_purpose" Visible="true" DataType="char" HelpView="" PrecisionValue="" BaseArtifact="false" />
        </Control>
        <Control ControlName="_lst_customer" ControlType="RSListEdit" BaseArtifact="false">
            <ViewInfo ViewName="_lst_customer" Visible="true" DataType="char" HelpView="" PrecisionValue="" BaseArtifact="false" />
        </Control>
        <Control ControlName="_lst_division" ControlType="RSListEdit" BaseArtifact="false">
            <ViewInfo ViewName="_lst_division" Visible="true" DataType="char" HelpView="" PrecisionValue="" BaseArtifact="false" />
        </Control>
        <Control ControlName="_lst_location" ControlType="RSListEdit" BaseArtifact="false">
            <ViewInfo ViewName="_lst_location" Visible="true" DataType="char" HelpView="" PrecisionValue="" BaseArtifact="false" />
        </Control>
        <Control ControlName="_txt_datefrom" ControlType="RSEdit" BaseArtifact="false">
            <ViewInfo ViewName="_txt_datefrom" Visible="true" DataType="date" HelpView="" PrecisionValue="" BaseArtifact="false" />
        </Control>
        <Control ControlName="_txt_dateto" ControlType="RSEdit" BaseArtifact="false">
            <ViewInfo ViewName="_txt_dateto" Visible="true" DataType="date" HelpView="" PrecisionValue="" BaseArtifact="false" />
        </Control>
    </Page>
    <Task Name="lgr_vehiclmainpgdeffetch" Type="FETCH" TaskDesc="Default Fetch Task For the ILBO veh_mov_rpt" ReportName="" RCTaskData="" RMTaskData="_cbo_report_type;_cmb_purpose;_lst_customer;_lst_division;_lst_location;_txt_datefrom;_txt_dateto;" DirtyTabs="" ServiceName="lgr_vehiclmainpgdeffetchsr" LinkID="" PostHelpTask="" PostLinkTask="" DataSavingTask="0" BaseArtifact="false" />
    <Task Name="lgr_vehiclmainpginit" Type="INITIALIZE" TaskDesc="Initalize Task For the ILBO veh_mov_rpt" ReportName="" RCTaskData="_lst_customer;_lst_division;_lst_location;_cmb_purpose;_cbo_report_type;" RMTaskData="" DirtyTabs="" ServiceName="lgr_vehiclmainpginitsr" LinkID="" PostHelpTask="" PostLinkTask="" DataSavingTask="0" BaseArtifact="false" />
    <Task Name="lgr_vehiclmainpgprre" Type="REPORT" TaskDesc="Print" ReportName="" RCTaskData="" RMTaskData="_cbo_report_type;_cmb_purpose;_lst_customer;_lst_division;_lst_location;_txt_datefrom;_txt_dateto;" DirtyTabs="" ServiceName="lgr_vehiclmainpgprresr" LinkID="" PostHelpTask="" PostLinkTask="" DataSavingTask="0" BaseArtifact="false" />
    <Task Name="lgr_vehiclmainpgrtui" Type="UI" TaskDesc="UI Task For the Control _Report_Type" ReportName="" RCTaskData="_lst_customer;_lst_division;_lst_location;_cmb_purpose;_cbo_report_type;" RMTaskData="_txt_datefrom;_txt_dateto;" DirtyTabs="" ServiceName="lgr_vehiclmainpgrtuisr" LinkID="" PostHelpTask="" PostLinkTask="" DataSavingTask="0" BaseArtifact="false" />
    <Service Name="lgr_vehiclmainpgdeffetchsr" ComponentName="lgt_reports" NoOfSegments="1" SegmentNames="_hseg;" TransactionScope="2" BaseArtifact="false">
        <Segment Name="_hseg" SeqNo="1" MultiInstance="0" FlowDirection="2" bFilling="false" NoOfDIs="7" DINames="_customer;_datefrom;_dateto;_division;_location;_purpose;_report_type;" BaseArtifact="false">
            <DataItem Name="_customer" FlowDirection="2" ControlName="_lst_customer" ViewName="_lst_customer" PrecisionType="" BaseArtifact="false" />
            <DataItem Name="_datefrom" FlowDirection="2" ControlName="_txt_datefrom" ViewName="_txt_datefrom" PrecisionType="" BaseArtifact="false" />
            <DataItem Name="_dateto" FlowDirection="2" ControlName="_txt_dateto" ViewName="_txt_dateto" PrecisionType="" BaseArtifact="false" />
            <DataItem Name="_division" FlowDirection="2" ControlName="_lst_division" ViewName="_lst_division" PrecisionType="" BaseArtifact="false" />
            <DataItem Name="_location" FlowDirection="2" ControlName="_lst_location" ViewName="_lst_location" PrecisionType="" BaseArtifact="false" />
            <DataItem Name="_purpose" FlowDirection="2" ControlName="_cmb_purpose" ViewName="_cmb_purpose" PrecisionType="" BaseArtifact="false" />
            <DataItem Name="_report_type" FlowDirection="2" ControlName="_cbo_report_type" ViewName="_cbo_report_type" PrecisionType="" BaseArtifact="false" />
        </Segment>
    </Service>
    <Service Name="lgr_vehiclmainpginitsr" ComponentName="lgt_reports" NoOfSegments="5" SegmentNames="culod;divlod;lolod;pulod;rtlod;" TransactionScope="2" BaseArtifact="false">
        <Segment Name="culod" SeqNo="2" MultiInstance="1" FlowDirection="1" bFilling="true" NoOfDIs="1" DINames="_customer;" BaseArtifact="false">
            <DataItem Name="_customer" FlowDirection="1" ControlName="_lst_customer" ViewName="_lst_customer" PrecisionType="" BaseArtifact="false" />
        </Segment>
        <Segment Name="divlod" SeqNo="3" MultiInstance="1" FlowDirection="1" bFilling="true" NoOfDIs="1" DINames="_division;" BaseArtifact="false">
            <DataItem Name="_division" FlowDirection="1" ControlName="_lst_division" ViewName="_lst_division" PrecisionType="" BaseArtifact="false" />
        </Segment>
        <Segment Name="lolod" SeqNo="4" MultiInstance="1" FlowDirection="1" bFilling="true" NoOfDIs="1" DINames="_location;" BaseArtifact="false">
            <DataItem Name="_location" FlowDirection="1" ControlName="_lst_location" ViewName="_lst_location" PrecisionType="" BaseArtifact="false" />
        </Segment>
        <Segment Name="pulod" SeqNo="2" MultiInstance="1" FlowDirection="1" bFilling="true" NoOfDIs="1" DINames="_purpose;" BaseArtifact="false">
            <DataItem Name="_purpose" FlowDirection="1" ControlName="_cmb_purpose" ViewName="_cmb_purpose" PrecisionType="" BaseArtifact="false" />
        </Segment>
        <Segment Name="rtlod" SeqNo="3" MultiInstance="1" FlowDirection="1" bFilling="true" NoOfDIs="1" DINames="_report_type;" BaseArtifact="false">
            <DataItem Name="_report_type" FlowDirection="1" ControlName="_cbo_report_type" ViewName="_cbo_report_type" PrecisionType="" BaseArtifact="false" />
        </Segment>
    </Service>
    <Service Name="lgr_vehiclmainpgprresr" ComponentName="lgt_reports" NoOfSegments="1" SegmentNames="_hseg;" TransactionScope="0" BaseArtifact="false">
        <Segment Name="_hseg" SeqNo="1" MultiInstance="0" FlowDirection="2" bFilling="false" NoOfDIs="7" DINames="_customer;_datefrom;_dateto;_division;_location;_purpose;_report_type;" BaseArtifact="false">
            <DataItem Name="_customer" FlowDirection="2" ControlName="_lst_customer" ViewName="_lst_customer" PrecisionType="" BaseArtifact="false" />
            <DataItem Name="_datefrom" FlowDirection="2" ControlName="_txt_datefrom" ViewName="_txt_datefrom" PrecisionType="" BaseArtifact="false" />
            <DataItem Name="_dateto" FlowDirection="2" ControlName="_txt_dateto" ViewName="_txt_dateto" PrecisionType="" BaseArtifact="false" />
            <DataItem Name="_division" FlowDirection="2" ControlName="_lst_division" ViewName="_lst_division" PrecisionType="" BaseArtifact="false" />
            <DataItem Name="_location" FlowDirection="2" ControlName="_lst_location" ViewName="_lst_location" PrecisionType="" BaseArtifact="false" />
            <DataItem Name="_purpose" FlowDirection="2" ControlName="_cmb_purpose" ViewName="_cmb_purpose" PrecisionType="" BaseArtifact="false" />
            <DataItem Name="_report_type" FlowDirection="2" ControlName="_cbo_report_type" ViewName="_cbo_report_type" PrecisionType="" BaseArtifact="false" />
        </Segment>
    </Service>
    <Service Name="lgr_vehiclmainpgrtuisr" ComponentName="lgt_reports" NoOfSegments="6" SegmentNames="_hseg;culod;divlod;lolod;pulod;rtlod;" TransactionScope="0" BaseArtifact="false">
        <Segment Name="_hseg" SeqNo="1" MultiInstance="0" FlowDirection="2" bFilling="false" NoOfDIs="7" DINames="_customer;_datefrom;_dateto;_division;_location;_purpose;_report_type;" BaseArtifact="false">
            <DataItem Name="_customer" FlowDirection="2" ControlName="_lst_customer" ViewName="_lst_customer" PrecisionType="" BaseArtifact="false" />
            <DataItem Name="_datefrom" FlowDirection="2" ControlName="_txt_datefrom" ViewName="_txt_datefrom" PrecisionType="" BaseArtifact="false" />
            <DataItem Name="_dateto" FlowDirection="2" ControlName="_txt_dateto" ViewName="_txt_dateto" PrecisionType="" BaseArtifact="false" />
            <DataItem Name="_division" FlowDirection="2" ControlName="_lst_division" ViewName="_lst_division" PrecisionType="" BaseArtifact="false" />
            <DataItem Name="_location" FlowDirection="2" ControlName="_lst_location" ViewName="_lst_location" PrecisionType="" BaseArtifact="false" />
            <DataItem Name="_purpose" FlowDirection="2" ControlName="_cmb_purpose" ViewName="_cmb_purpose" PrecisionType="" BaseArtifact="false" />
            <DataItem Name="_report_type" FlowDirection="2" ControlName="_cbo_report_type" ViewName="_cbo_report_type" PrecisionType="" BaseArtifact="false" />
        </Segment>
        <Segment Name="culod" SeqNo="2" MultiInstance="1" FlowDirection="1" bFilling="true" NoOfDIs="1" DINames="_customer;" BaseArtifact="false">
            <DataItem Name="_customer" FlowDirection="1" ControlName="_lst_customer" ViewName="_lst_customer" PrecisionType="" BaseArtifact="false" />
        </Segment>
        <Segment Name="divlod" SeqNo="3" MultiInstance="1" FlowDirection="1" bFilling="true" NoOfDIs="1" DINames="_division;" BaseArtifact="false">
            <DataItem Name="_division" FlowDirection="1" ControlName="_lst_division" ViewName="_lst_division" PrecisionType="" BaseArtifact="false" />
        </Segment>
        <Segment Name="lolod" SeqNo="4" MultiInstance="1" FlowDirection="1" bFilling="true" NoOfDIs="1" DINames="_location;" BaseArtifact="false">
            <DataItem Name="_location" FlowDirection="1" ControlName="_lst_location" ViewName="_lst_location" PrecisionType="" BaseArtifact="false" />
        </Segment>
        <Segment Name="pulod" SeqNo="2" MultiInstance="1" FlowDirection="1" bFilling="true" NoOfDIs="1" DINames="_purpose;" BaseArtifact="false">
            <DataItem Name="_purpose" FlowDirection="1" ControlName="_cmb_purpose" ViewName="_cmb_purpose" PrecisionType="" BaseArtifact="false" />
        </Segment>
        <Segment Name="rtlod" SeqNo="3" MultiInstance="1" FlowDirection="1" bFilling="true" NoOfDIs="1" DINames="_report_type;" BaseArtifact="false">
            <DataItem Name="_report_type" FlowDirection="1" ControlName="_cbo_report_type" ViewName="_cbo_report_type" PrecisionType="" BaseArtifact="false" />
        </Segment>
    </Service>
    <VerInfo>
        <Date>2018-04-11T06:13:20</Date>
        <Author>Runtime</Author>
        <ModelInfo>iEDK</ModelInfo>
        <Version>2.2</Version>
    </VerInfo>
</RVWILBO>
