<RVWILBO ComponentName="LGT_REPORTS" ComponentDesc="LGT Reports" ActivityName="vehical_in_out_repor" ActivityDesc="Vehicle In &amp; Out Reports" ILBOName="dock_in_report" ILBODesc="Vehicle Movement Reports" ILBOType="1" DefaultTabName="" PageNames="mainpage;" NoOfPages="1" AppStateControl="" InitService="lgr_dipmainpginitsr" LinkPublished="false" FetchService="lgr_dipmainpgdeffetchsr" ClientExtension="false" InlineTab="false" BaseArtifact="false">
    <Page PageName="mainpage" NoOfControls="7" ControlNames="_cbo_report_type;_cmb_purpose;_lst_customer;_lst_division;_lst_location;_txt_datefrom;_txt_dateto;" NoOfNewControls="7" NewControlNames="_cbo_report_type;_cmb_purpose;_lst_customer;_lst_division;_lst_location;_txt_datefrom;_txt_dateto;" NoOfBaseControls="0" BaseControlNames="" DisplayURL="" BaseArtifact="false">
        <LayoutControl ControlType="Section" ControlName="_mainsection" BaseArtifact="false" />
        <LayoutControl ControlType="Section" ControlName="_printsection" BaseArtifact="false" />
        <LayoutControl ControlType="RSButton" ControlName="_rbtprint_vehical" BaseArtifact="false" />
        <Control ControlName="_cbo_report_type" ControlType="RSCombo" BaseArtifact="false">
            <ViewInfo ViewName="_cbo_report_type" Visible="true" DataType="char" HelpView="" PrecisionValue="" BaseArtifact="false" />
        </Control>
        <Control ControlName="_cmb_purpose" ControlType="RSCombo" BaseArtifact="false">
            <ViewInfo ViewName="_cmb_purpose" Visible="true" DataType="char" HelpView="" PrecisionValue="" BaseArtifact="false" />
        </Control>
        <Control ControlName="_lst_customer" ControlType="RSListEdit" BaseArtifact="false">
            <ViewInfo ViewName="_lst_customer" Visible="true" DataType="char" HelpView="" PrecisionValue="" BaseArtifact="false" />
        </Control>
        <Control ControlName="_lst_division" ControlType="RSListEdit" BaseArtifact="false">
            <ViewInfo ViewName="_lst_division" Visible="true" DataType="char" HelpView="" PrecisionValue="" BaseArtifact="false" />
        </Control>
        <Control ControlName="_lst_location" ControlType="RSListEdit" BaseArtifact="false">
            <ViewInfo ViewName="_lst_location" Visible="true" DataType="char" HelpView="" PrecisionValue="" BaseArtifact="false" />
        </Control>
        <Control ControlName="_txt_datefrom" ControlType="RSEdit" BaseArtifact="false">
            <ViewInfo ViewName="_txt_datefrom" Visible="true" DataType="date" HelpView="" PrecisionValue="" BaseArtifact="false" />
        </Control>
        <Control ControlName="_txt_dateto" ControlType="RSEdit" BaseArtifact="false">
            <ViewInfo ViewName="_txt_dateto" Visible="true" DataType="date" HelpView="" PrecisionValue="" BaseArtifact="false" />
        </Control>
    </Page>
    <Task Name="lgr_dipmainpgdeffetch" Type="FETCH" TaskDesc="Default Fetch Task For the ILBO Dock_in_report" ReportName="" RCTaskData="" RMTaskData="_cbo_report_type;_cmb_purpose;_lst_customer;_lst_division;_lst_location;_txt_datefrom;_txt_dateto;" DirtyTabs="" ServiceName="lgr_dipmainpgdeffetchsr" LinkID="" PostHelpTask="" PostLinkTask="" DataSavingTask="0" BaseArtifact="false" />
    <Task Name="lgr_dipmainpginit" Type="INITIALIZE" TaskDesc="Initalize Task For the ILBO Dock_in_report" ReportName="" RCTaskData="_lst_customer;_lst_division;_lst_location;_cmb_purpose;_cbo_report_type;" RMTaskData="" DirtyTabs="" ServiceName="lgr_dipmainpginitsr" LinkID="" PostHelpTask="" PostLinkTask="" DataSavingTask="0" BaseArtifact="false" />
    <Task Name="lgr_dipmainpgprre" Type="REPORT" TaskDesc="Print" ReportName="vehical_doc_in_report" RCTaskData="" RMTaskData="_cbo_report_type;_cmb_purpose;_lst_customer;_lst_division;_lst_location;_txt_datefrom;_txt_dateto;" DirtyTabs="" ServiceName="lgr_dipmainpgprresr" LinkID="" PostHelpTask="" PostLinkTask="" DataSavingTask="0" BaseArtifact="false" />
    <Task Name="lgr_dipmainpgrtui" Type="UI" TaskDesc="UI Task For the Control _Report_Type" ReportName="" RCTaskData="_lst_customer;_lst_division;_lst_location;_cmb_purpose;_cbo_report_type;" RMTaskData="_txt_datefrom;_txt_dateto;" DirtyTabs="" ServiceName="lgr_dipmainpgrtuisr" LinkID="" PostHelpTask="" PostLinkTask="" DataSavingTask="0" BaseArtifact="false" />
    <Report Name="procon_barcode_rpt" RPTType="CRYSTAL" RPTContext="procon_barcode_rpt" BaseArtifact="false" />
    <Report Name="pcs_cdi_mis_crvw_rpt" RPTType="CRYSTAL" RPTContext="pcs_cdi_mis_crvw_rpt" BaseArtifact="false" />
    <Report Name="pcs_cdi_mis_edau_rpt" RPTType="CRYSTAL" RPTContext="pcs_cdi_mis_edau_rpt" BaseArtifact="false" />
    <Report Name="procon_amc_summary_rpt" RPTType="CRYSTAL" RPTContext="procon_amc_summary_rpt" BaseArtifact="false" />
    <Report Name="procon_wo_cost_dtl_rep" RPTType="CRYSTAL" RPTContext="Procon_WO_Cost_Dtl_Rep" BaseArtifact="false" />
    <Report Name="ben_genr_report" RPTType="CRYSTAL" RPTContext="ben_genr_report" BaseArtifact="false" />
    <Report Name="draft_bill_details" RPTType="CRYSTAL" RPTContext="draft_bill_details" BaseArtifact="false" />
    <Report Name="proconnect_complete_transaction_inbound_rpt" RPTType="PDF" RPTContext="proconnect_complete_transaction_inbound_rpt" BaseArtifact="false" />
    <Report Name="proconnect_stock_ledger_report" RPTType="PDF" RPTContext="proconnect_stock_ledger_report" BaseArtifact="false" />
    <Report Name="vehical_doc_in_report" RPTType="CRYSTAL" RPTContext="vehical_doc_in_report" BaseArtifact="false" />
    <Report Name="vehicle_movement_rpt" RPTType="CRYSTAL" RPTContext="vehicle_movement_rpt" BaseArtifact="false" />
    <Report Name="rm_log_rec_inv_rpt" RPTType="CRYSTAL" RPTContext="rm_log_rec_inv_rpt" BaseArtifact="false" />
    <Report Name="rm_log_rec_invlk_rpt" RPTType="CRYSTAL" RPTContext="rm_log_rec_invlk_rpt" BaseArtifact="false" />
    <Report Name="rm_log_rec_invvw_rpt" RPTType="CRYSTAL" RPTContext="rm_log_rec_invvw_rpt" BaseArtifact="false" />
    <Report Name="pcs_po_rpt" RPTType="CRYSTAL" RPTContext="pcs_po_rpt" BaseArtifact="false" />
    <Report Name="procon_last_po_price_rpt" RPTType="CRYSTAL" RPTContext="Procon_Last_PO_Price_rpt" BaseArtifact="false" />
    <Report Name="proconnect_po_detail_rpt" RPTType="CRYSTAL" RPTContext="proconnect_po_detail_rpt" BaseArtifact="false" />
    <Report Name="proconnect_pr_detail_rpt" RPTType="PDF" RPTContext="proconnect_pr_detail_rpt" BaseArtifact="false" />
    <Report Name="proconnect_cah_denom_rpt" RPTType="CRYSTAL" RPTContext="proconnect_cah_denom_rpt" BaseArtifact="false" />
    <Report Name="dw_packing_main_report" RPTType="CRYSTAL" RPTContext="dw_packing_main_report" BaseArtifact="false" />
    <Report Name="wma_gr_pwy_form_plno_rpt" RPTType="CRYSTAL" RPTContext="wma_gr_pwy_form_plno_rpt" BaseArtifact="false" />
    <Report Name="wma_gr_pwy_form_rpt" RPTType="CRYSTAL" RPTContext="wma_gr_pwy_form_rpt" BaseArtifact="false" />
    <Report Name="wma_prnt_pwy_form_rpt" RPTType="CRYSTAL" RPTContext="wma_prnt_pwy_form_rpt" BaseArtifact="false" />
    <Report Name="wma_pwy_form_rpt" RPTType="CRYSTAL" RPTContext="wma_pwy_form_rpt" BaseArtifact="false" />
    <Report Name="wms_palletization_hub_report" RPTType="CRYSTAL" RPTContext="wms_palletization_hub_report" BaseArtifact="false" />
    <Report Name="wms_palletization_report" RPTType="CRYSTAL" RPTContext="wms_palletization_report" BaseArtifact="false" />
    <Report Name="wms_shiplabel_report" RPTType="CRYSTAL" RPTContext="wms_shiplabel_report" BaseArtifact="false" />
    <Service Name="lgr_dipmainpgdeffetchsr" ComponentName="lgt_reports" NoOfSegments="1" SegmentNames="_hseg;" TransactionScope="2" BaseArtifact="false">
        <Segment Name="_hseg" SeqNo="1" MultiInstance="0" FlowDirection="2" bFilling="false" NoOfDIs="7" DINames="_customer;_datefrom;_dateto;_division;_location;_purpose;_report_type;" BaseArtifact="false">
            <DataItem Name="_customer" FlowDirection="2" ControlName="_lst_customer" ViewName="_lst_customer" PrecisionType="" BaseArtifact="false" />
            <DataItem Name="_datefrom" FlowDirection="2" ControlName="_txt_datefrom" ViewName="_txt_datefrom" PrecisionType="" BaseArtifact="false" />
            <DataItem Name="_dateto" FlowDirection="2" ControlName="_txt_dateto" ViewName="_txt_dateto" PrecisionType="" BaseArtifact="false" />
            <DataItem Name="_division" FlowDirection="2" ControlName="_lst_division" ViewName="_lst_division" PrecisionType="" BaseArtifact="false" />
            <DataItem Name="_location" FlowDirection="2" ControlName="_lst_location" ViewName="_lst_location" PrecisionType="" BaseArtifact="false" />
            <DataItem Name="_purpose" FlowDirection="2" ControlName="_cmb_purpose" ViewName="_cmb_purpose" PrecisionType="" BaseArtifact="false" />
            <DataItem Name="_report_type" FlowDirection="2" ControlName="_cbo_report_type" ViewName="_cbo_report_type" PrecisionType="" BaseArtifact="false" />
        </Segment>
    </Service>
    <Service Name="lgr_dipmainpginitsr" ComponentName="lgt_reports" NoOfSegments="5" SegmentNames="culod;divlod;lolod;pulod;rtlod;" TransactionScope="2" BaseArtifact="false">
        <Segment Name="culod" SeqNo="2" MultiInstance="1" FlowDirection="1" bFilling="true" NoOfDIs="1" DINames="_customer;" BaseArtifact="false">
            <DataItem Name="_customer" FlowDirection="1" ControlName="_lst_customer" ViewName="_lst_customer" PrecisionType="" BaseArtifact="false" />
        </Segment>
        <Segment Name="divlod" SeqNo="3" MultiInstance="1" FlowDirection="1" bFilling="true" NoOfDIs="1" DINames="_division;" BaseArtifact="false">
            <DataItem Name="_division" FlowDirection="1" ControlName="_lst_division" ViewName="_lst_division" PrecisionType="" BaseArtifact="false" />
        </Segment>
        <Segment Name="lolod" SeqNo="4" MultiInstance="1" FlowDirection="1" bFilling="true" NoOfDIs="1" DINames="_location;" BaseArtifact="false">
            <DataItem Name="_location" FlowDirection="1" ControlName="_lst_location" ViewName="_lst_location" PrecisionType="" BaseArtifact="false" />
        </Segment>
        <Segment Name="pulod" SeqNo="2" MultiInstance="1" FlowDirection="1" bFilling="true" NoOfDIs="1" DINames="_purpose;" BaseArtifact="false">
            <DataItem Name="_purpose" FlowDirection="1" ControlName="_cmb_purpose" ViewName="_cmb_purpose" PrecisionType="" BaseArtifact="false" />
        </Segment>
        <Segment Name="rtlod" SeqNo="3" MultiInstance="1" FlowDirection="1" bFilling="true" NoOfDIs="1" DINames="_report_type;" BaseArtifact="false">
            <DataItem Name="_report_type" FlowDirection="1" ControlName="_cbo_report_type" ViewName="_cbo_report_type" PrecisionType="" BaseArtifact="false" />
        </Segment>
    </Service>
    <Service Name="lgr_dipmainpgprresr" ComponentName="lgt_reports" NoOfSegments="1" SegmentNames="_hseg;" TransactionScope="0" BaseArtifact="false">
        <Segment Name="_hseg" SeqNo="1" MultiInstance="0" FlowDirection="2" bFilling="false" NoOfDIs="7" DINames="_customer;_datefrom;_dateto;_division;_location;_purpose;_report_type;" BaseArtifact="false">
            <DataItem Name="_customer" FlowDirection="2" ControlName="_lst_customer" ViewName="_lst_customer" PrecisionType="" BaseArtifact="false" />
            <DataItem Name="_datefrom" FlowDirection="2" ControlName="_txt_datefrom" ViewName="_txt_datefrom" PrecisionType="" BaseArtifact="false" />
            <DataItem Name="_dateto" FlowDirection="2" ControlName="_txt_dateto" ViewName="_txt_dateto" PrecisionType="" BaseArtifact="false" />
            <DataItem Name="_division" FlowDirection="2" ControlName="_lst_division" ViewName="_lst_division" PrecisionType="" BaseArtifact="false" />
            <DataItem Name="_location" FlowDirection="2" ControlName="_lst_location" ViewName="_lst_location" PrecisionType="" BaseArtifact="false" />
            <DataItem Name="_purpose" FlowDirection="2" ControlName="_cmb_purpose" ViewName="_cmb_purpose" PrecisionType="" BaseArtifact="false" />
            <DataItem Name="_report_type" FlowDirection="2" ControlName="_cbo_report_type" ViewName="_cbo_report_type" PrecisionType="" BaseArtifact="false" />
        </Segment>
    </Service>
    <Service Name="lgr_dipmainpgrtuisr" ComponentName="lgt_reports" NoOfSegments="6" SegmentNames="_hseg;culod;divlod;lolod;pulod;rtlod;" TransactionScope="0" BaseArtifact="false">
        <Segment Name="_hseg" SeqNo="1" MultiInstance="0" FlowDirection="2" bFilling="false" NoOfDIs="7" DINames="_customer;_datefrom;_dateto;_division;_location;_purpose;_report_type;" BaseArtifact="false">
            <DataItem Name="_customer" FlowDirection="2" ControlName="_lst_customer" ViewName="_lst_customer" PrecisionType="" BaseArtifact="false" />
            <DataItem Name="_datefrom" FlowDirection="2" ControlName="_txt_datefrom" ViewName="_txt_datefrom" PrecisionType="" BaseArtifact="false" />
            <DataItem Name="_dateto" FlowDirection="2" ControlName="_txt_dateto" ViewName="_txt_dateto" PrecisionType="" BaseArtifact="false" />
            <DataItem Name="_division" FlowDirection="2" ControlName="_lst_division" ViewName="_lst_division" PrecisionType="" BaseArtifact="false" />
            <DataItem Name="_location" FlowDirection="2" ControlName="_lst_location" ViewName="_lst_location" PrecisionType="" BaseArtifact="false" />
            <DataItem Name="_purpose" FlowDirection="2" ControlName="_cmb_purpose" ViewName="_cmb_purpose" PrecisionType="" BaseArtifact="false" />
            <DataItem Name="_report_type" FlowDirection="2" ControlName="_cbo_report_type" ViewName="_cbo_report_type" PrecisionType="" BaseArtifact="false" />
        </Segment>
        <Segment Name="culod" SeqNo="2" MultiInstance="1" FlowDirection="1" bFilling="true" NoOfDIs="1" DINames="_customer;" BaseArtifact="false">
            <DataItem Name="_customer" FlowDirection="1" ControlName="_lst_customer" ViewName="_lst_customer" PrecisionType="" BaseArtifact="false" />
        </Segment>
        <Segment Name="divlod" SeqNo="3" MultiInstance="1" FlowDirection="1" bFilling="true" NoOfDIs="1" DINames="_division;" BaseArtifact="false">
            <DataItem Name="_division" FlowDirection="1" ControlName="_lst_division" ViewName="_lst_division" PrecisionType="" BaseArtifact="false" />
        </Segment>
        <Segment Name="lolod" SeqNo="4" MultiInstance="1" FlowDirection="1" bFilling="true" NoOfDIs="1" DINames="_location;" BaseArtifact="false">
            <DataItem Name="_location" FlowDirection="1" ControlName="_lst_location" ViewName="_lst_location" PrecisionType="" BaseArtifact="false" />
        </Segment>
        <Segment Name="pulod" SeqNo="2" MultiInstance="1" FlowDirection="1" bFilling="true" NoOfDIs="1" DINames="_purpose;" BaseArtifact="false">
            <DataItem Name="_purpose" FlowDirection="1" ControlName="_cmb_purpose" ViewName="_cmb_purpose" PrecisionType="" BaseArtifact="false" />
        </Segment>
        <Segment Name="rtlod" SeqNo="3" MultiInstance="1" FlowDirection="1" bFilling="true" NoOfDIs="1" DINames="_report_type;" BaseArtifact="false">
            <DataItem Name="_report_type" FlowDirection="1" ControlName="_cbo_report_type" ViewName="_cbo_report_type" PrecisionType="" BaseArtifact="false" />
        </Segment>
    </Service>
    <VerInfo>
        <Date>2018-04-26T04:40:19</Date>
        <Author>Runtime</Author>
        <ModelInfo>iEDK</ModelInfo>
        <Version>2.2</Version>
    </VerInfo>
</RVWILBO>
